frame_number,time_seconds,foam_area_pixels,total_area_pixels,foam_percentage,beer_area_pixels,beer_percentage,foam_to_beer_ratio
0,0.0,32683,378225,8.641152752990946,345542,91.35884724700905,0.09458473933704152
1,0.03337168758716876,33989,378225,8.986449864498645,344236,91.01355013550135,0.09873749404478323
2,0.06674337517433752,34039,378225,8.99966950889021,344186,91.00033049110979,0.09889710795906864
3,0.10011506276150628,33968,378225,8.980897613854188,344257,91.01910238614582,0.09867047002675326
4,0.13348675034867505,32687,378225,8.642210324542269,345538,91.35778967545774,0.0945974104150629
5,0.1668584379358438,32885,378225,8.694560116332871,345340,91.30543988366713,0.09522499565645451
6,0.20023012552301256,32329,378225,8.547557670698659,345896,91.45244232930135,0.09346450956356823
7,0.23360181311018133,31999,378225,8.460308017714324,346226,91.53969198228567,0.09242229064252828
8,0.2669735006973501,32332,378225,8.548350849362151,345893,91.45164915063785,0.09347399340258404
9,0.30034518828451884,31600,378225,8.354815255469628,346625,91.64518474453037,0.09116480346195456
10,0.3337168758716876,31506,378225,8.329962324013485,346719,91.67003767598652,0.09086897458749016
11,0.3670885634588564,31482,378225,8.323616894705532,346743,91.67638310529446,0.09079346951488566
12,0.4004602510460251,30765,378225,8.134047194130478,347460,91.86595280586953,0.08854256605076843
13,0.43383193863319386,30774,378225,8.13642673012096,347451,91.86357326987904,0.08857076249600664
14,0.46720362622036266,30734,378225,8.125851014607708,347491,91.8741489853923,0.08844545614131014
15,0.5005753138075314,29790,378225,7.8762641284949435,348435,92.12373587150505,0.08549657755391966
16,0.5339470013947002,29607,378225,7.827880230021813,348618,92.1721197699782,0.08492676798099925
17,0.5673186889818689,30508,378225,8.06609822195783,347717,91.93390177804217,0.08773801683553005
18,0.6006903765690377,30149,378225,7.971181175226387,348076,92.02881882477362,0.08661614130247418
19,0.6340620641562065,29867,378225,7.896622380857956,348358,92.10337761914205,0.08573651243835365
20,0.6674337517433752,29278,378225,7.740894969925309,348947,92.25910503007469,0.08390385932534167
21,0.700805439330544,29171,378225,7.712604930927358,349054,92.28739506907264,0.08357159637190807
22,0.7341771269177128,29852,378225,7.892656487540485,348373,92.10734351245952,0.08568976355802545
23,0.7675488145048814,29938,378225,7.915394275893979,348287,92.08460572410601,0.08595784511049795
24,0.8009205020920502,29467,378225,7.790865225725428,348758,92.20913477427457,0.08449125181357847
25,0.834292189679219,29704,378225,7.853526340141451,348521,92.14647365985856,0.08522872366371037
26,0.8676638772663877,30200,378225,7.984665212505783,348025,92.01533478749423,0.08677537533223188
27,0.9010355648535565,29852,378225,7.892656487540485,348373,92.10734351245952,0.08568976355802545
28,0.9344072524407253,28896,378225,7.639896886773746,349329,92.36010311322626,0.08271858334120556
29,0.967778940027894,29156,378225,7.708639037609888,349069,92.29136096239012,0.08352503373258582
30,1.0011506276150628,29643,378225,7.837398373983739,348582,92.16260162601625,0.08503881439661257
31,1.0345223152022316,29213,378225,7.723709432216273,349012,92.27629056778372,0.08370199305468007
32,1.0678940027894004,29557,378225,7.8146605856302465,348668,92.18533941436975,0.08477118634345567
33,1.1012656903765692,29512,378225,7.802762905677837,348713,92.19723709432216,0.08463120101630854
34,1.1346373779637378,29786,378225,7.875206556943619,348439,92.12479344305639,0.08548411630156211
35,1.1680090655509066,30199,378225,7.984400819617952,348026,92.01559918038204,0.08677225264779068
36,1.2013807531380754,29450,378225,7.786370546632296,348775,92.2136294533677,0.08443839151315317
37,1.2347524407252441,29720,378225,7.8577566263467515,348505,92.14224337365326,0.0852785469361989
38,1.268124128312413,29954,378225,7.91962456209928,348271,92.08037543790071,0.08600773535551338
39,1.3014958158995817,29191,378225,7.717892788683985,349034,92.28210721131602,0.08363368611653879
40,1.3348675034867503,29469,378225,7.79139401150109,348756,92.2086059884989,0.08449747101125142
41,1.3682391910739191,29830,378225,7.886839844008196,348395,92.1131601559918,0.08562120581523845
42,1.401610878661088,29142,378225,7.70493753718025,349083,92.29506246281976,0.08348157887952148
43,1.4349825662482567,28999,378225,7.667129354220371,349226,92.33287064577964,0.08303791813897018
44,1.4683542538354255,28883,378225,7.636459779231938,349342,92.36354022076806,0.08267829233244213
45,1.5017259414225943,27895,378225,7.375239606054597,350330,92.62476039394541,0.07962492507064768
46,1.5350976290097629,28147,378225,7.44186661378809,350078,92.55813338621192,0.08040208182176543
47,1.5684693165969317,28142,378225,7.440544649348932,350083,92.55945535065106,0.08038665116558073
48,1.6018410041841005,27723,378225,7.3297640293476105,350502,92.6702359706524,0.0790951264186795
49,1.6352126917712693,27316,378225,7.222156124000264,350909,92.77784387599974,0.07784354348278329
50,1.668584379358438,27004,378225,7.139665542996894,351221,92.8603344570031,0.07688606319098232
51,1.7019560669456069,27090,378225,7.1624033313503865,351135,92.83759666864961,0.07714981417403563
52,1.7353277545327754,27216,378225,7.195716835217132,351009,92.80428316478286,0.07753647342375837
53,1.7686994421199442,27053,378225,7.152620794500628,351172,92.84737920549937,0.07703632408050756
54,1.802071129707113,27146,378225,7.17720933306894,351079,92.82279066693106,0.07732162846538813
55,1.8354428172942818,27198,378225,7.190957763236169,351027,92.80904223676383,0.07748121939338
56,1.8688145048814506,26801,378225,7.085993786767136,351424,92.91400621323287,0.0762640001821162
57,1.9021861924686194,26962,378225,7.128561041707979,351263,92.87143895829202,0.07675730150912564
58,1.935557880055788,27762,378225,7.340075351973032,350463,92.65992464802697,0.07921520959416543
59,1.9689295676429568,27395,378225,7.243043162138939,350830,92.75695683786105,0.07808625260097483
60,2.0023012552301256,27492,378225,7.268689272258576,350733,92.73131072774142,0.07838441207414187
61,2.0356729428172944,28012,378225,7.406173573930862,350213,92.59382642606914,0.07998560875809864
62,2.069044630404463,28122,378225,7.435256791592307,350103,92.56474320840769,0.08032493294830378
63,2.102416317991632,28136,378225,7.438958292021945,350089,92.56104170797805,0.08036813495996732
64,2.1357880055788008,28620,378225,7.566924449732302,349605,92.4330755502677,0.0818638177371605
65,2.1691596931659696,28478,378225,7.529380659660255,349747,92.47061934033974,0.08142457261963648
66,2.2025313807531384,28524,378225,7.5415427325004964,349701,92.45845726749951,0.08156682422984206
67,2.2359030683403067,28824,378225,7.620860598849891,349401,92.37913940115011,0.08249547082006062
68,2.2692747559274755,28494,378225,7.533610945865556,349731,92.46638905413445,0.08147404719627371
69,2.3026464435146443,27956,378225,7.3913675722123084,350269,92.6086324277877,0.07981294376607694
70,2.336018131101813,28268,378225,7.473858153215679,349957,92.52614184678433,0.08077563814982984
71,2.369389818688982,28033,378225,7.411725824575319,350192,92.58827417542467,0.08005037236715859
72,2.4027615062761507,27789,378225,7.347213959944478,350436,92.65278604005552,0.07929835975755915
73,2.4361331938633195,28155,378225,7.44398175689074,350070,92.55601824310926,0.08042677178849944
74,2.4695048814504883,28037,378225,7.4127833961266445,350188,92.58721660387336,0.08006270917335831
75,2.502876569037657,27927,378225,7.383700178465199,350298,92.6162998215348,0.07972354966342943
76,2.536248256624826,28030,378225,7.410932645911824,350195,92.58906735408817,0.08004111994745784
77,2.5696199442119947,27931,378225,7.384757750016524,350294,92.61524224998348,0.07973587900449337
78,2.6029916317991635,27700,378225,7.323682992927489,350525,92.67631700707251,0.07902432066186435
79,2.636363319386332,28135,378225,7.438693899134114,350090,92.56130610086589,0.08036504898740324
80,2.6697350069735006,27290,378225,7.21528190891665,350935,92.78471809108335,0.07776368843233078
81,2.7031066945606694,27545,378225,7.282702095313636,350680,92.71729790468638,0.07854739363522299
82,2.7364783821478382,27855,378225,7.364663890541344,350370,92.63533610945865,0.07950166966349859
83,2.769850069735007,27617,378225,7.301738383237491,350608,92.69826161676251,0.07876888148587596
84,2.803221757322176,26676,378225,7.052944675788221,351549,92.94705532421177,0.07588131384245154
85,2.8365934449093446,27632,378225,7.305704276554962,350593,92.69429572344504,0.07881503623860145
86,2.8699651324965134,26959,378225,7.127767863044484,351266,92.87223213695552,0.07674810542437925
87,2.903336820083682,27008,378225,7.140723114548218,351217,92.85927688545178,0.07689832781442811
88,2.936708507670851,27328,378225,7.2253288386542405,350897,92.77467116134575,0.07788040365121389
89,2.97008019525802,27000,378225,7.138607971445568,351225,92.86139202855443,0.07687379884689302
90,3.0034518828451886,27315,378225,7.221891731112433,350910,92.77810826888756,0.07784047191587587
91,3.036823570432357,28182,378225,7.451120364862184,350043,92.54887963513781,0.08051010875806687
92,3.0701952580195258,27316,378225,7.222156124000264,350909,92.77784387599974,0.07784354348278329
93,3.1035669456066945,27265,378225,7.208672086720867,350960,92.79132791327913,0.07768691588785047
94,3.1369386331938633,27957,378225,7.391631965100139,350268,92.60836803489985,0.0798160265853575
95,3.170310320781032,27089,378225,7.1621389384625544,351136,92.83786106153744,0.07714674655973754
96,3.203682008368201,27131,378225,7.173243439751471,351094,92.82675656024853,0.0772756014058913
97,3.2370536959553697,27090,378225,7.1624033313503865,351135,92.83759666864961,0.07714981417403563
98,3.2704253835425385,26655,378225,7.047392425143764,351570,92.95260757485624,0.07581704923628296
99,3.3037970711297073,25702,378225,6.795426003040518,352523,93.20457399695948,0.07290871801272542
100,3.337168758716876,25847,378225,6.83376297177606,352378,93.16623702822395,0.073350209150401
101,3.370540446304045,24545,378225,6.489523431819684,353680,93.51047656818031,0.06939889165347206
102,3.4039121338912137,24985,378225,6.605856302465464,353240,93.39414369753453,0.07073094779753142
103,3.437283821478382,25171,378225,6.655033379602089,353054,93.34496662039791,0.07129504268468846
104,3.470655509065551,24741,378225,6.5413444378346215,353484,93.45865556216538,0.06999185253080761
105,3.5040271966527197,24569,378225,6.4958688611276365,353656,93.50413113887235,0.06947146379532654
106,3.5373988842398885,25141,378225,6.647101592967148,353084,93.35289840703285,0.07120401944013323
107,3.5707705718270573,24931,378225,6.5915790865225725,353294,93.40842091347743,0.070567289566197
108,3.604142259414226,24952,378225,6.5971313371670295,353273,93.40286866283297,0.07063092848873251
109,3.637513947001395,25098,378225,6.635732698790403,353127,93.36426730120961,0.07107357976025623
110,3.6708856345885637,25089,378225,6.633353162799921,353136,93.36664683720008,0.07104628245208645
111,3.7042573221757324,25079,378225,6.630709233921607,353146,93.3692907660784,0.07101595374151201
112,3.7376290097629012,24751,378225,6.543988366712935,353474,93.45601163328706,0.07002212326790655
113,3.77100069735007,24374,378225,6.4443122480005295,353851,93.55568775199947,0.06888210009297699
114,3.804372384937239,24446,378225,6.463348535924383,353779,93.53665146407562,0.06909963564824367
115,3.837744072524407,24427,378225,6.458325071055588,353798,93.5416749289444,0.06904222183279725
116,3.871115760111576,24401,378225,6.451450855971974,353824,93.54854914402803,0.06896366555123451
117,3.904487447698745,24774,378225,6.550069403133056,353451,93.44993059686695,0.07009175246356637
118,3.9378591352859136,24865,378225,6.574129155925705,353360,93.4258708440743,0.07036733076748924
119,3.9712308228730824,24117,378225,6.37636327582788,354108,93.62363672417212,0.06810634043851028
120,4.004602510460251,24248,378225,6.410998744133783,353977,93.58900125586622,0.06850162581184653
121,4.0379741980474195,24343,378225,6.436116068477758,353882,93.56388393152224,0.06878846621190114
122,4.071345885634589,24216,378225,6.40253817172318,354009,93.59746182827682,0.06840504054981653
123,4.104717573221757,23484,378225,6.209002577830656,354741,93.79099742216934,0.06620041100408466
124,4.138089260808926,24147,378225,6.384295062462819,354078,93.61570493753717,0.0681968379848508
125,4.171460948396095,23370,378225,6.178861788617886,354855,93.82113821138212,0.0658578856152513
126,4.204832635983264,23904,378225,6.32004759071981,354321,93.67995240928019,0.06746424852040946
127,4.238204323570432,24195,378225,6.3969859210787225,354030,93.60301407892128,0.06834166596051182
128,4.2715760111576015,24090,378225,6.369224667856435,354135,93.63077533214357,0.06802490575627938
129,4.30494769874477,23907,378225,6.320840769383304,354318,93.67915923061669,0.06747328670854995
130,4.338319386331939,24299,378225,6.42448278141318,353926,93.57551721858682,0.06865559467233263
131,4.3716910739191075,24011,378225,6.348337629717761,354214,93.65166237028224,0.06778670521210342
132,4.405062761506277,24152,378225,6.3856170269019765,354073,93.61438297309802,0.06821192240018302
133,4.438434449093445,24297,378225,6.423953995637517,353928,93.57604600436248,0.06864955584186615
134,4.471806136680613,24528,378225,6.485028752726551,353697,93.51497124727345,0.06934749234514288
135,4.505177824267783,24339,378225,6.435058496926432,353886,93.56494150307356,0.06877638561570676
136,4.538549511854951,24426,378225,6.458060678167757,353799,93.54193932183225,0.06903920022385591
137,4.57192119944212,25078,378225,6.630444841033777,353147,93.36955515896622,0.07101292096492395
138,4.605292887029289,25202,378225,6.66322955912486,353023,93.33677044087514,0.07138911628987346
139,4.638664574616458,25691,378225,6.792517681274374,352534,93.20748231872564,0.07287524040234417
140,4.672036262203626,24994,378225,6.608235838455946,353231,93.39176416154406,0.07075822903425803
141,4.7054079497907955,25034,378225,6.618811553969198,353191,93.3811884460308,0.07087949579689176
142,4.738779637377964,25858,378225,6.836671293542204,352367,93.16332870645779,0.07338371640931188
143,4.772151324965133,25411,378225,6.718487672681604,352814,93.2815123273184,0.07202378590418748
144,4.805523012552301,25430,378225,6.723511137550401,352795,93.2764888624496,0.0720815204297113
145,4.83889470013947,25909,378225,6.850155330821601,352316,93.14984466917839,0.07353909558464561
146,4.872266387726639,25958,378225,6.863110582325335,352267,93.13688941767467,0.07368842383760045
147,4.905638075313807,25485,378225,6.738052746381122,352740,93.26194725361889,0.0722486817485967
148,4.939009762900977,25513,378225,6.745455747240399,352712,93.2545442527596,0.07233380208215201
149,4.972381450488145,25642,378225,6.779562429770639,352583,93.22043757022936,0.07272613824262655
150,5.005753138075314,26163,378225,6.917311124330755,352062,93.08268887566923,0.07431361521550181
151,5.0391248256624825,26586,378225,7.029149315883402,351639,92.9708506841166,0.0756059481456835
152,5.072496513249652,25770,378225,6.813404719413048,352455,93.18659528058694,0.0731157169000298
153,5.10586820083682,26133,378225,6.909379337695816,352092,93.09062066230418,0.07422207832043898
154,5.139239888423989,26110,378225,6.903298301275695,352115,93.0967016987243,0.07415191059739006
155,5.172611576011158,25801,378225,6.821600898935818,352424,93.17839910106417,0.0732101105486573
156,5.205983263598327,25936,378225,6.857293938793046,352289,93.14270606120697,0.0736213733610757
157,5.239354951185495,25906,378225,6.849362152158108,352319,93.15063784784189,0.07352995438792685
158,5.272726638772664,25883,378225,6.843281115737987,352342,93.15671888426202,0.07345987705127405
159,5.306098326359833,25676,378225,6.788551787956903,352549,93.2114482120431,0.07282959248217978
160,5.339470013947001,25899,378225,6.8475114019432874,352326,93.15248859805672,0.0735086255343063
161,5.3728417015341705,25366,378225,6.706589992729195,352859,93.29341000727081,0.07188707103970708
162,5.406213389121339,25838,378225,6.831383435785578,352387,93.16861656421442,0.07332279567634448
163,5.439585076708508,25894,378225,6.8461894375041314,352331,93.15381056249586,0.07349339115774656
164,5.4729567642956765,25591,378225,6.766078392491242,352634,93.23392160750876,0.07257099428869593
165,5.506328451882846,25720,378225,6.800185075021482,352505,93.19981492497853,0.07296350406377214
166,5.539700139470014,25782,378225,6.816577434067024,352443,93.18342256593297,0.07315225440709562
167,5.573071827057183,25669,378225,6.786701037742085,352556,93.21329896225792,0.07280829144873438
168,5.606443514644352,25111,378225,6.63916980633221,353114,93.3608301936678,0.0711130116619562
169,5.63981520223152,25661,378225,6.784585894639434,352564,93.21541410536057,0.07278394844623955
170,5.673186889818689,25509,378225,6.744398175689074,352716,93.25560182431093,0.07232164120709013
171,5.706558577405858,25034,378225,6.618811553969198,353191,93.3811884460308,0.07087949579689176
172,5.739930264993027,25236,378225,6.672218917311125,352989,93.32778108268887,0.07149231279161673
173,5.773301952580195,24981,378225,6.604798730914138,353244,93.39520126908586,0.0707188232496518
174,5.806673640167364,25615,378225,6.772423821799194,352610,93.2275761782008,0.07264399761776467
175,5.840045327754533,25283,378225,6.6846453830391965,352942,93.3153546169608,0.07163499951833446
176,5.873417015341702,25261,378225,6.6788287395069075,352964,93.3211712604931,0.07156820525606011
177,5.90678870292887,25164,378225,6.65318262938727,353061,93.34681737061274,0.0712738025440363
178,5.94016039051604,25492,378225,6.739903496595942,352733,93.26009650340406,0.0722699605650733
179,5.973532078103208,24851,378225,6.570427655496067,353374,93.42957234450392,0.07032492486713793
180,6.006903765690377,25047,378225,6.622248661511006,353178,93.37775133848899,0.07091891340910249
181,6.040275453277546,25154,378225,6.650538700508957,353071,93.34946129949104,0.07124346094694835
182,6.073647140864714,25119,378225,6.64128494943486,353106,93.35871505056514,0.07113727889075802
183,6.107018828451883,24560,378225,6.493489325137154,353665,93.50651067486284,0.06944424808787977
184,6.1403905160390515,25038,378225,6.619869125520523,353187,93.38013087447948,0.07089162398389522
185,6.173762203626221,24668,378225,6.522043757022936,353557,93.47795624297707,0.06977092802574973
186,6.207133891213389,25180,378225,6.65741291559257,353045,93.34258708440743,0.07132235267458822
187,6.240505578800558,24755,378225,6.54504593826426,353470,93.45495406173573,0.07003423204232326
188,6.273877266387727,24926,378225,6.5902571220834165,353299,93.40974287791659,0.07055213855685977
189,6.307248953974896,24895,378225,6.582060942560646,353330,93.41793905743936,0.0704582118699233
190,6.340620641562064,25039,378225,6.620133518408355,353186,93.37986648159165,0.0708946560735703
191,6.3739923291492335,24874,378225,6.576508691916187,353351,93.42349130808381,0.07039459347787327
192,6.407364016736402,25193,378225,6.660850023134378,353032,93.33914997686563,0.07136180289605475
193,6.440735704323571,25441,378225,6.726419459316545,352784,93.27358054068345,0.07211494852374258
194,6.4741073919107395,25655,378225,6.782999537312446,352570,93.21700046268755,0.07276569191933517
195,6.507479079497908,25540,378225,6.752594355211845,352685,93.24740564478815,0.07241589520393553
196,6.540850767085077,24890,378225,6.580738978121489,353335,93.41926102187851,0.07044306394781157
197,6.574222454672245,24953,378225,6.597395730054862,353272,93.40260426994513,0.07063395910233475
198,6.607594142259415,25334,378225,6.698129420318594,352891,93.3018705796814,0.07178987279358215
199,6.640965829846583,24738,378225,6.540551259171128,353487,93.45944874082888,0.06998277164365309
200,6.674337517433752,24841,378225,6.567783726617754,353384,93.43221627338225,0.0702946369954497
201,6.707709205020921,24604,378225,6.505122612201732,353621,93.49487738779827,0.06957731582683155
202,6.74108089260809,25013,378225,6.613259303324741,353212,93.38674069667526,0.07081582732183504
203,6.774452580195258,24482,378225,6.472866679886311,353743,93.52713332011369,0.06920843663337507
204,6.807824267782427,25122,378225,6.642078128098354,353103,93.35792187190165,0.07114637938505196
205,6.841195955369596,24990,378225,6.60717826690462,353235,93.39282173309537,0.07074610386852945
206,6.874567642956764,24964,378225,6.600304051821006,353261,93.399695948179,0.07066729698438265
207,6.907939330543933,24641,378225,6.514905149051491,353584,93.48509485094851,0.06968923933209648
208,6.941311018131102,24799,378225,6.556679225328839,353426,93.44332077467115,0.07016744665078405
209,6.974682705718271,24405,378225,6.4525084275233,353820,93.5474915724767,0.06897575038154995
210,7.008054393305439,24963,378225,6.600039658933175,353262,93.39996034106683,0.07066426618204052
211,7.041426080892609,24437,378225,6.460968999933901,353788,93.5390310000661,0.06907243886169118
212,7.074797768479777,24405,378225,6.4525084275233,353820,93.5474915724767,0.06897575038154995
213,7.108169456066946,24353,378225,6.438759997356071,353872,93.56124000264393,0.06881866889722837
214,7.1415411436541145,24566,378225,6.495075682464142,353659,93.50492431753585,0.06946239173893497
215,7.174912831241284,24292,378225,6.422632031198361,353933,93.57736796880164,0.06863445906428618
216,7.208284518828452,24777,378225,6.55086258179655,353448,93.44913741820345,0.07010083520065187
217,7.241656206415621,24434,378225,6.460175821270407,353791,93.53982417872959,0.06906337357366354
218,7.27502789400279,24358,378225,6.440081961795227,353867,93.55991803820477,0.06883377088001989
219,7.308399581589958,24217,378225,6.4028025646110125,354008,93.59719743538899,0.06840805857494746
220,7.341771269177127,24327,378225,6.431885782272456,353898,93.56811421772754,0.06874014546564264
221,7.375142956764296,24238,378225,6.4083548152554695,353987,93.59164518474454,0.06847144104162017
222,7.408514644351465,24323,378225,6.430828210721132,353902,93.56917178927887,0.06872806596176342
223,7.441886331938633,24257,378225,6.413378280124264,353968,93.58662171987574,0.06852879356325996
224,7.4752580195258025,23920,378225,6.324277876925111,354305,93.67572212307489,0.06751245395915949
225,7.508629707112971,23802,378225,6.293079516161015,354423,93.70692048383899,0.0671570411626785
226,7.54200139470014,24037,378225,6.355211844801374,354188,93.64478815519863,0.06786508859701627
227,7.575373082287308,23984,378225,6.341199021746315,354241,93.65880097825368,0.06770531926005177
228,7.608744769874478,24025,378225,6.352039130147399,354200,93.6479608698526,0.06782891022021457
229,7.642116457461646,23554,378225,6.227510079978849,354671,93.77248992002116,0.06641084272466596
230,7.675488145048814,23982,378225,6.340670235970652,354243,93.65932976402934,0.0676992911645396
231,7.708859832635984,23573,378225,6.2325335448476435,354652,93.76746645515236,0.06646797423953622
232,7.742231520223152,23743,378225,6.277480335778968,354482,93.72251966422104,0.06697942349682072
233,7.775603207810321,23595,378225,6.238350188379933,354630,93.76164981162006,0.06653413416800609
234,7.80897489539749,23712,378225,6.269284156256197,354513,93.73071584374381,0.0668861226527659
235,7.842346582984659,23247,378225,6.146341463414634,354978,93.85365853658536,0.06548856548856549
236,7.875718270571827,23340,378225,6.1709300019829465,354885,93.82906999801706,0.0657677839300055
237,7.909089958158996,23153,378225,6.12148853195849,355072,93.87851146804151,0.06520649333093007
238,7.942461645746165,23302,378225,6.1608830722453565,354923,93.83911692775465,0.06565367699472843
239,7.975833333333334,23069,378225,6.09927952938066,355156,93.90072047061933,0.06495455518138508
240,8.009205020920502,23350,378225,6.17357393086126,354875,93.82642606913873,0.065797816132441
241,8.04257670850767,23090,378225,6.104831780025117,355135,93.89516821997488,0.0650175285454827
242,8.075948396094839,23509,378225,6.21561240002644,354716,93.78438759997356,0.06627555565579224
243,8.10932008368201,23707,378225,6.26796219181704,354518,93.73203780818295,0.06687107565765349
244,8.142691771269178,23361,378225,6.176482252627404,354864,93.82351774737259,0.0658308535100771
245,8.176063458856346,23533,378225,6.221957829334391,354692,93.77804217066561,0.06634770448727347
246,8.209435146443514,23708,378225,6.268226584704871,354517,93.73177341529512,0.06687408502272106
247,8.242806834030684,23292,378225,6.158239143367044,354933,93.84176085663296,0.06562365291477547
248,8.276178521617853,23435,378225,6.196047326326922,354790,93.80395267367308,0.06605315820626285
249,8.309550209205021,23534,378225,6.222222222222222,354691,93.77777777777779,0.06635071090047394
250,8.34292189679219,23683,378225,6.261616762509088,354542,93.73838323749091,0.06679885598885323
251,8.37629358437936,23571,378225,6.232004759071981,354654,93.76799524092802,0.06646196010759783
252,8.409665271966528,23627,378225,6.2468107607905345,354598,93.75318923920946,0.06663038144603184
253,8.443036959553696,23297,378225,6.1595611078062005,354928,93.8404388921938,0.06563866474327187
254,8.476408647140865,23647,378225,6.252098618547161,354578,93.74790138145283,0.06669054481665529
255,8.509780334728033,23242,378225,6.145019498975477,354983,93.85498050102453,0.06547355788868763
256,8.543152022315203,23435,378225,6.196047326326922,354790,93.80395267367308,0.06605315820626285
257,8.576523709902371,23752,378225,6.27985987176945,354473,93.72014012823055,0.06700651389527552
258,8.60989539748954,23587,378225,6.236235045277282,354638,93.76376495472272,0.06651007506245805
259,8.643267085076708,22787,378225,6.024720735012228,355438,93.97527926498778,0.06410963374765782
260,8.676638772663878,23289,378225,6.157445964703549,354936,93.84255403529646,0.06561464602069106
261,8.710010460251047,22799,378225,6.0278934496662036,355426,93.9721065503338,0.06414556053862126
262,8.743382147838215,23027,378225,6.088175028091744,355198,93.91182497190826,0.06482863079184005
263,8.776753835425383,23197,378225,6.133121819023069,355028,93.86687818097693,0.06533850851200469
264,8.810125523012553,22963,378225,6.07125388327054,355262,93.92874611672946,0.06463680326069211
265,8.843497210599722,22399,378225,5.9221362945336775,355826,94.07786370546633,0.06294930668360378
266,8.87686889818689,22893,378225,6.052746381122348,355332,93.94725361887765,0.06442707102090439
267,8.910240585774059,22500,378225,5.94883997620464,355725,94.05116002379536,0.06325110689437065
268,8.943612273361227,23035,378225,6.090290171194395,355190,93.9097098288056,0.06485261409386525
269,8.976983960948397,22783,378225,6.0236631634609035,355442,93.9763368365391,0.06409765868974404
270,9.010355648535565,23471,378225,6.20556547028885,354754,93.79443452971114,0.06616133997079666
271,9.043727336122734,23035,378225,6.090290171194395,355190,93.9097098288056,0.06485261409386525
272,9.077099023709902,23183,378225,6.12942031859343,355042,93.87057968140657,0.0652965001323787
273,9.110470711297072,22735,378225,6.010972304845,355490,93.989027695155,0.06395397901488087
274,9.14384239888424,23107,378225,6.10932645911825,355118,93.89067354088175,0.06506851243811916
275,9.177214086471409,23407,378225,6.188644325467645,354818,93.81135567453236,0.06596903201077736
276,9.210585774058577,23131,378225,6.115671888426202,355094,93.8843281115738,0.0651404980089779
277,9.243957461645747,23405,378225,6.1881155396919825,354820,93.81188446030802,0.0659630235048757
278,9.277329149232916,23707,378225,6.26796219181704,354518,93.73203780818295,0.06687107565765349
279,9.310700836820084,23732,378225,6.274572014012823,354493,93.72542798598718,0.06694631487786783
280,9.344072524407252,23234,378225,6.142904355872827,354991,93.85709564412717,0.06544954660822387
281,9.37744421199442,23337,378225,6.170136823319453,354888,93.82986317668055,0.0657587745993102
282,9.410815899581591,23592,378225,6.237557009716439,354633,93.76244299028356,0.06652511187622133
283,9.44418758716876,23494,378225,6.21164650670897,354731,93.78835349329103,0.06623046759375414
284,9.477559274755928,23318,378225,6.165113358450657,354907,93.83488664154935,0.06570171904188984
285,9.510930962343096,22931,378225,6.062793310859938,355294,93.93720668914007,0.06454091541089914
286,9.544302649930266,23568,378225,6.231211580408487,354657,93.76878841959152,0.06645293903687224
287,9.577674337517434,23197,378225,6.133121819023069,355028,93.86687818097693,0.06533850851200469
288,9.611046025104603,22947,378225,6.067023597065239,355278,93.93297640293477,0.06458885717663351
289,9.644417712691771,21955,378225,5.8047458523365725,356270,94.19525414766343,0.06162461054817975
290,9.67778940027894,22654,378225,5.989556480930663,355571,94.01044351906934,0.06371160752704805
291,9.71116108786611,21886,378225,5.786502743076212,356339,94.21349725692379,0.06141904197968788
292,9.744532775453278,22141,378225,5.853922929473197,356084,94.1460770705268,0.0621791487401849
293,9.777904463040446,21740,378225,5.747901381452839,356485,94.25209861854717,0.06098433314164691
294,9.811276150627615,21624,378225,5.717231806464406,356601,94.28276819353559,0.06063920179696636
295,9.844647838214785,21228,378225,5.612532222883204,356997,94.3874677771168,0.05946268456037446
296,9.878019525801953,22048,378225,5.829334390904885,356177,94.17066560909511,0.061901807247520195
297,9.911391213389122,21345,378225,5.643466190759469,356880,94.35653380924053,0.05981002017484869
298,9.94476290097629,21600,378225,5.710886377156454,356625,94.28911362284354,0.06056782334384858
299,9.97813458856346,21406,378225,5.659594156917179,356819,94.34040584308282,0.0599912000201783
300,10.011506276150628,21585,378225,5.706920483838985,356640,94.29307951616101,0.06052321668909825
301,10.044877963737797,21151,378225,5.592173970520193,357074,94.4078260294798,0.05923422035768496
302,10.078249651324965,21493,378225,5.682596338158503,356732,94.3174036618415,0.06024971126784252
303,10.111621338912133,21152,378225,5.592438363408024,357073,94.40756163659198,0.05923718679373686
304,10.144993026499304,21400,378225,5.658007799590191,356825,94.3419922004098,0.05997337630491137
305,10.178364714086472,21513,378225,5.68788419591513,356712,94.31211580408487,0.06030915696696495
306,10.21173640167364,21406,378225,5.659594156917179,356819,94.34040584308282,0.0599912000201783
307,10.245108089260809,21077,378225,5.572608896820676,357148,94.42739110317933,0.0590147501875973
308,10.278479776847979,21158,378225,5.594024720735012,357067,94.405975279265,0.059254985758975205
309,10.311851464435147,20823,378225,5.505453103311521,357402,94.49454689668848,0.05826212500209848
310,10.345223152022315,21409,378225,5.660387335580673,356816,94.33961266441932,0.060000112102596294
311,10.378594839609484,21034,378225,5.561240002643928,357191,94.43875999735607,0.058887261997082795
312,10.411966527196654,20650,378225,5.459713133716703,357575,94.5402868662833,0.05775012235195413
313,10.445338214783822,20401,378225,5.393879304646705,357824,94.6061206953533,0.057014062779467
314,10.47870990237099,20805,378225,5.500694031330557,357420,94.49930596866945,0.05820882994796038
315,10.512081589958159,20434,378225,5.402604269945138,357791,94.59739573005486,0.05711155395188811
316,10.545453277545327,20687,378225,5.469495670566462,357538,94.53050432943354,0.0578595841560897
317,10.578824965132497,20334,378225,5.376164981162006,357891,94.623835018838,0.05681618146307116
318,10.612196652719666,20610,378225,5.44913741820345,357615,94.55086258179655,0.05763181074619353
319,10.645568340306834,20439,378225,5.403926234384295,357786,94.59607376561571,0.05712632691049957
320,10.678940027894003,20752,378225,5.486681208275497,357473,94.5133187917245,0.058051936789631664
321,10.712311715481173,20147,378225,5.32672351113755,358078,94.67327648886244,0.0562642776154916
322,10.745683403068341,20602,378225,5.4470222751007995,357623,94.55297772489921,0.05760815160098763
323,10.77905509065551,20821,378225,5.504924317535858,357404,94.49507568246415,0.05825620306431937
324,10.812426778242678,20594,378225,5.444907131998149,357631,94.55509286800185,0.0575844935142647
325,10.845798465829848,20672,378225,5.4655297772489915,357553,94.53447022275101,0.05781520501855669
326,10.879170153417016,20871,378225,5.518143961927424,357354,94.48185603807258,0.05840427139475142
327,10.912541841004185,20263,378225,5.357393086125983,357962,94.64260691387402,0.05660656717752164
328,10.945913528591353,20520,378225,5.425342058298631,357705,94.57465794170136,0.057365706378160776
329,10.979285216178521,20597,378225,5.4457003106616435,357628,94.55429968933836,0.057593365172749336
330,11.012656903765691,20510,378225,5.4226981294203185,357715,94.57730187057967,0.05733614749171827
331,11.04602859135286,20288,378225,5.364002908321766,357937,94.63599709167823,0.056680365539187066
332,11.079400278940028,20756,378225,5.487738779826823,357469,94.51226122017317,0.058063776159611044
333,11.112771966527196,20660,378225,5.462357062595016,357565,94.53764293740498,0.05777970438941171
334,11.146143654114367,20968,378225,5.543790072047062,357257,94.45620992795294,0.05869164215116849
335,11.179515341701535,21104,378225,5.57974750479212,357121,94.42025249520788,0.05909481660277609
336,11.212887029288703,20231,378225,5.348932513715381,357994,94.65106748628462,0.05651212031486561
337,11.246258716875872,20294,378225,5.3655892656487545,357931,94.63441073435125,0.056698078679969045
338,11.27963040446304,20631,378225,5.454689668847908,357594,94.5453103311521,0.05769392103894361
339,11.31300209205021,20213,378225,5.344173441734417,358012,94.65582655826559,0.056459001374255614
340,11.346373779637378,20579,378225,5.440941238680679,357646,94.55905876131932,0.0575401374543543
341,11.379745467224547,20560,378225,5.435917773811885,357665,94.56408222618812,0.05748395845274209
342,11.413117154811715,20576,378225,5.440148060017186,357649,94.55985193998282,0.057531266688848566
343,11.446488842398885,20590,378225,5.443849560446824,357635,94.55615043955318,0.05757266486781216
344,11.479860529986054,20603,378225,5.447286667988631,357622,94.55271333201138,0.057611108936251126
345,11.513232217573222,20039,378225,5.298169079251768,358186,94.70183092074824,0.055945793526268474
346,11.54660390516039,20598,378225,5.445964703549475,357627,94.55403529645052,0.057596322425320236
347,11.57997559274756,20751,378225,5.486416815387666,357474,94.51358318461234,0.05804897698853623
348,11.613347280334729,20664,378225,5.463414634146342,357561,94.53658536585365,0.05779153766769866
349,11.646718967921897,20659,378225,5.462092669707185,357566,94.53790733029281,0.05777674611120744
350,11.680090655509066,21087,378225,5.575252825698989,357138,94.42474717430102,0.059044403003880856
351,11.713462343096234,20527,378225,5.427192808513451,357698,94.57280719148655,0.05738639858204407
352,11.746834030683404,20916,378225,5.5300416418798335,357309,94.46995835812017,0.05853756832321604
353,11.780205718270572,21044,378225,5.563883931522242,357181,94.43611606847776,0.05891690767426039
354,11.81357740585774,21169,378225,5.596933042501156,357056,94.40306695749884,0.05928761874887973
355,11.846949093444909,21223,378225,5.611210258444048,357002,94.38878974155595,0.05944784623055333
356,11.88032078103208,21317,378225,5.636063189900192,356908,94.36393681009982,0.05972687639391664
357,11.913692468619248,21043,378225,5.563619538634411,357182,94.43638046136559,0.05891394303184371
358,11.947064156206416,21316,378225,5.63579879701236,356909,94.36420120298764,0.05972390721444402
359,11.980435843793584,21282,378225,5.626809438826095,356943,94.3731905611739,0.05962296501122028
360,12.013807531380754,21075,378225,5.572080111045013,357150,94.42791988895499,0.05900881982360353
361,12.047179218967923,21334,378225,5.640557868993324,356891,94.35944213100667,0.05977735499073947
362,12.080550906555091,21499,378225,5.684182695485491,356726,94.31581730451451,0.06026754427768091
363,12.11392259414226,21553,378225,5.698459911428382,356672,94.30154008857163,0.060428068365332856
364,12.147294281729428,21281,378225,5.626545045938265,356944,94.37345495406173,0.05961999641400332
365,12.180665969316598,21278,378225,5.62575186727477,356947,94.37424813272523,0.05961109072215203
366,12.214037656903766,21862,378225,5.780157313768259,356363,94.21984268623174,0.0613475585288035
367,12.247409344490935,22142,378225,5.854187322361028,356083,94.14581267763897,0.06218213169401516
368,12.280781032078103,22442,378225,5.9335051887104235,355783,94.06649481128959,0.06307777493584572
369,12.314152719665273,22212,378225,5.87269482450922,356013,94.12730517549079,0.0623909801046591
370,12.347524407252441,22376,378225,5.916055258113557,355849,94.08394474188644,0.0628806038516337
371,12.38089609483961,21900,378225,5.790204243505849,356325,94.20979575649415,0.06146074510629341
372,12.414267782426778,21905,378225,5.791526207945006,356320,94.20847379205499,0.06147563987427032
373,12.447639470013948,21858,378225,5.779099742216935,356367,94.22090025778307,0.06133564555640674
374,12.481011157601117,22263,378225,5.8861788617886175,355962,94.11382113821138,0.06254319281271596
375,12.514382845188285,22108,378225,5.845197964174764,356117,94.15480203582524,0.06208072066202961
376,12.547754532775453,22170,378225,5.861590323220305,356055,94.1384096767797,0.06226566120402747
377,12.581126220362622,22009,378225,5.8190230682794635,356216,94.18097693172054,0.061785545848586254
378,12.614497907949792,22322,378225,5.901778042170665,355903,94.09822195782934,0.06271933644841432
379,12.64786959553696,22180,378225,5.864234252098618,356045,94.13576574790137,0.06229549635579772
380,12.681241283124129,22491,378225,5.9464604402141585,355734,94.05353955978583,0.06322420685118656
381,12.714612970711297,22805,378225,6.029479806993192,355420,93.9705201930068,0.06416352484384671
382,12.747984658298467,23519,378225,6.2182563289047526,354706,93.78174367109526,0.06630561648238259
383,12.781356345885635,23658,378225,6.255006940313305,354567,93.74499305968669,0.06672363756356345
384,12.814728033472804,22910,378225,6.057241060215481,355315,93.94275893978453,0.06447799839578965
385,12.848099721059972,23233,378225,6.142639962984996,354992,93.857360037015,0.06544654527425971
386,12.881471408647142,23002,378225,6.081565205895961,355223,93.91843479410403,0.0647536899356179
387,12.91484309623431,22292,378225,5.893846255535727,355933,94.10615374446427,0.06262976459052687
388,12.948214783821479,22749,378225,6.014673805274638,355476,93.98532619472536,0.0639958815785032
389,12.981586471408647,22484,378225,5.944609689999339,355741,94.05539031000066,0.06320328553638743
390,13.014958158995816,22530,378225,5.956771762839579,355695,94.04322823716042,0.0633407835364568
391,13.048329846582986,22438,378225,5.932447617159099,355787,94.0675523828409,0.06306582309078185
392,13.081701534170154,21874,378225,5.7833300284222355,356351,94.21666997157776,0.061383299050655114
393,13.115073221757322,21619,378225,5.715909842025249,356606,94.28409015797476,0.06062433049359798
394,13.14844490934449,22384,378225,5.918170401216207,355841,94.0818295987838,0.06290449948151
395,13.181816596931661,22407,378225,5.924251437636328,355818,94.07574856236367,0.06297320540276209
396,13.21518828451883,22393,378225,5.920549937206689,355832,94.07945006279331,0.0629313833494458
397,13.248559972105998,22852,378225,6.041906272721264,355373,93.95809372727874,0.0643042662216882
398,13.281931659693166,22592,378225,5.973164121885121,355633,94.02683587811488,0.06352616320757636
399,13.315303347280334,22244,378225,5.881155396919823,355981,94.11884460308018,0.06248648102005444
400,13.348675034867505,22442,378225,5.9335051887104235,355783,94.06649481128959,0.06307777493584572
401,13.382046722454673,22424,378225,5.92874611672946,355801,94.07125388327054,0.06302399374931493
402,13.415418410041841,22795,378225,6.026835878114879,355430,93.97316412188512,0.06413358467208734
403,13.44879009762901,22713,378225,6.005155661312711,355512,93.99484433868729,0.06388813879700263
404,13.48216178521618,22615,378225,5.9792451583052415,355610,94.02075484169475,0.06359494952335423
405,13.515533472803348,22710,378225,6.004362482649217,355515,93.99563751735079,0.0638791612168263
406,13.548905160390516,23192,378225,6.131799854583911,355033,93.8682001454161,0.06532350513895892
407,13.582276847977685,22463,378225,5.939057439354881,355762,94.06094256064512,0.06314052653178248
408,13.615648535564855,22584,378225,5.971048978782471,355641,94.02895102121754,0.06350223961804179
409,13.649020223152023,22320,378225,5.901249256395003,355905,94.098750743605,0.06271336452143128
410,13.682391910739192,22783,378225,6.0236631634609035,355442,93.9763368365391,0.06409765868974404
411,13.71576359832636,22327,378225,5.903100006609822,355898,94.09689999339018,0.06273426655951986
412,13.749135285913528,22530,378225,5.956771762839579,355695,94.04322823716042,0.0633407835364568
413,13.782506973500698,21895,378225,5.788882279066693,356330,94.2111177209333,0.06144585075632139
414,13.815878661087867,22279,378225,5.890409147993919,355946,94.1095908520061,0.06259095480775173
415,13.849250348675035,22075,378225,5.836472998876331,356150,94.16352700112367,0.061982310824090975
416,13.882622036262203,22381,378225,5.917377222552713,355844,94.08262277744728,0.06289553849439643
417,13.915993723849374,22495,378225,5.947518011765483,355730,94.05248198823452,0.06323616225789222
418,13.949365411436542,22728,378225,6.00912155463018,355497,93.99087844536982,0.06393302897070861
419,13.98273709902371,21901,378225,5.790468636393681,356324,94.20953136360632,0.06146372402644784
420,14.016108786610879,21788,378225,5.760592240068743,356437,94.23940775993125,0.0611272118214439
421,14.049480474198049,21339,378225,5.641879833432481,356886,94.35812016656752,0.05979220255207545
422,14.082852161785217,21763,378225,5.753982417872959,356462,94.24601758212704,0.06105279104084026
423,14.116223849372386,21704,378225,5.738383237490911,356521,94.26161676250909,0.06087719937955969
424,14.149595536959554,21751,378225,5.750809703218984,356474,94.24919029678101,0.06101707277389094
425,14.182967224546722,21053,378225,5.566263467512724,357172,94.43373653248727,0.05894359020303943
426,14.216338912133892,21381,378225,5.652984334721396,356844,94.3470156652786,0.05991693849413189
427,14.24971059972106,21185,378225,5.601163328706458,357040,94.39883667129354,0.05933508850548958
428,14.283082287308229,21397,378225,5.6572146209266965,356828,94.3427853790733,0.059964464672054886
429,14.316453974895397,21254,378225,5.619406437966819,356971,94.38059356203318,0.05953985057609722
430,14.349825662482568,21337,378225,5.641351047656818,356888,94.35864895234319,0.059786263477617625
431,14.383197350069736,20952,378225,5.53955978584176,357273,94.46044021415824,0.058644230042572486
432,14.416569037656904,21606,378225,5.712472734483443,356619,94.28752726551656,0.060585667056438385
433,14.449940725244073,21176,378225,5.598783792715976,357049,94.40121620728402,0.0593083862439049
434,14.483312412831243,21512,378225,5.687619803027299,356713,94.3123801969727,0.06030618452369272
435,14.516684100418411,21121,378225,5.584242183885253,357104,94.41575781611475,0.059145235001568174
436,14.55005578800558,21324,378225,5.637913940115011,356901,94.36208605988499,0.059747661116107825
437,14.583427475592748,21081,378225,5.573666468372001,357144,94.426333531628,0.05902661111484443
438,14.616799163179916,21671,378225,5.729658272192478,356554,94.27034172780753,0.06077901243570399
439,14.650170850767086,21450,378225,5.671227443981757,356775,94.32877255601825,0.06012192558335085
440,14.683542538354255,21593,378225,5.709035626941636,356632,94.29096437305836,0.06054700643800893
441,14.716914225941423,21543,378225,5.695815982550069,356682,94.30418401744993,0.06039833801537504
442,14.750285913528591,21679,378225,5.7317734152951285,356546,94.26822658470488,0.06080281366219226
443,14.783657601115761,21079,378225,5.573137682596338,357146,94.42686231740366,0.05902068061801056
444,14.81702928870293,21275,378225,5.624958688611277,356950,94.37504131138871,0.0596021851799972
445,14.850400976290098,21634,378225,5.719875735342719,356591,94.28012426465729,0.060668945654825834
446,14.883772663877266,21710,378225,5.739969594817899,356515,94.2600304051821,0.06089505350406014
447,14.917144351464435,21563,378225,5.701103840306695,356662,94.2988961596933,0.06045780038243491
448,14.950516039051605,21121,378225,5.584242183885253,357104,94.41575781611475,0.059145235001568174
449,14.983887726638773,20851,378225,5.5128561041707975,357374,94.4871438958292,0.0583450390907005
450,15.017259414225942,21634,378225,5.719875735342719,356591,94.28012426465729,0.060668945654825834
451,15.05063110181311,21074,378225,5.571815718157182,357151,94.42818428184282,0.059005854666513605
452,15.08400278940028,21208,378225,5.607244365126578,357017,94.39275563487342,0.05940333373480815
453,15.117374476987449,21349,378225,5.644523762310794,356876,94.3554762376892,0.05982189892287517
454,15.150746164574617,21312,378225,5.634741225461036,356913,94.36525877453896,0.059712030662934665
455,15.184117852161785,21082,378225,5.573930861259832,357143,94.42606913874016,0.05902957638816944
456,15.217489539748955,21154,378225,5.592967149183687,357071,94.40703285081631,0.0592431197156868
457,15.250861227336124,20788,378225,5.496199352237425,357437,94.50380064776257,0.058158500658857366
458,15.284232914923292,21154,378225,5.592967149183687,357071,94.40703285081631,0.0592431197156868
459,15.31760460251046,21217,378225,5.60962390111706,357008,94.39037609888294,0.059430040783399814
460,15.350976290097629,21152,378225,5.592438363408024,357073,94.40756163659198,0.05923718679373686
461,15.384347977684799,20821,378225,5.504924317535858,357404,94.49507568246415,0.05825620306431937
462,15.417719665271967,21698,378225,5.736796880163923,356527,94.26320311983608,0.060859345855994076
463,15.451091352859136,20996,378225,5.551193072906338,357229,94.44880692709367,0.058774623560797136
464,15.484463040446304,21204,378225,5.606186793575253,357021,94.39381320642475,0.05939146436764224
465,15.517834728033474,20992,378225,5.5501355013550135,357233,94.44986449864498,0.05876276827728681
466,15.551206415620642,21035,378225,5.56150439553176,357190,94.43849560446824,0.05889022649010331
467,15.58457810320781,20993,378225,5.550399894242845,357232,94.44960010575716,0.05876573207327451
468,15.61794979079498,21304,378225,5.632626082358384,356921,94.36737391764161,0.05968827835851631
469,15.65132147838215,20755,378225,5.487474386938991,357470,94.512525613061,0.058060816292276274
470,15.684693165969318,21234,378225,5.614118580210192,356991,94.38588141978981,0.05948049110481777
471,15.718064853556486,20895,378225,5.524489391235376,357330,94.47551060876462,0.05847535891193015
472,15.751436541143654,21089,378225,5.5757816114746515,357136,94.42421838852535,0.059050333766408315
473,15.784808228730823,21164,378225,5.595611078062,357061,94.404388921938,0.059272785322395896
474,15.818179916317993,21415,378225,5.661973692907661,356810,94.33802630709233,0.060017936717020264
475,15.851551603905161,21206,378225,5.606715579350915,357019,94.39328442064908,0.059397399017979434
476,15.88492329149233,21042,378225,5.563355145746579,357183,94.43664485425342,0.058910978406027166
477,15.918294979079498,21136,378225,5.588208077202723,357089,94.41179192279728,0.059189725810652245
478,15.951666666666668,21094,378225,5.577103575913808,357131,94.42289642408619,0.059065160963343986
479,15.985038354253836,20593,378225,5.444642739110318,357632,94.55535726088968,0.057581536327845385
480,16.018410041841005,20995,378225,5.550928680018508,357230,94.4490713199815,0.05877165971502953
481,16.051781729428175,20398,378225,5.393086125983211,357827,94.60691387401678,0.057005200837276115
482,16.08515341701534,20756,378225,5.487738779826823,357469,94.51226122017317,0.058063776159611044
483,16.11852510460251,20756,378225,5.487738779826823,357469,94.51226122017317,0.058063776159611044
484,16.151896792189678,20333,378225,5.375900588274176,357892,94.62409941172582,0.0568132285717479
485,16.18526847977685,20194,378225,5.339149976865622,358031,94.66085002313437,0.05640293717583114
486,16.21864016736402,20322,378225,5.372992266508031,357903,94.62700773349198,0.056780747856262734
487,16.252011854951185,19227,378225,5.083482054332738,358998,94.91651794566727,0.05355740143399128
488,16.285383542538355,18746,378225,4.9563090752858745,359479,95.04369092471413,0.052147691520227885
489,16.318755230125525,18794,378225,4.968999933901777,359431,95.03100006609823,0.052288199960493116
490,16.352126917712692,18741,378225,4.9549871108467185,359484,95.04501288915328,0.05213305738224789
491,16.385498605299862,19255,378225,5.0908850551920155,358970,94.90911494480798,0.05363957990918461
492,16.41887029288703,19313,378225,5.106219842686232,358912,94.89378015731377,0.05380984753922967
493,16.4522419804742,19504,378225,5.1567188842620135,358721,94.843281115738,0.0543709456652942
494,16.48561366806137,20453,378225,5.407627734813934,357772,94.59237226518607,0.05716769339132185
495,16.518985355648535,20465,378225,5.410800449467909,357760,94.58919955053209,0.05720315295169946
496,16.552357043235705,20286,378225,5.363474122546104,357939,94.63652587745389,0.05667446129089035
497,16.585728730822872,20661,378225,5.462621455482847,357564,94.53737854451715,0.057782662684162836
498,16.619100418410042,20997,378225,5.5514574657941695,357228,94.44854253420583,0.05877758742315832
499,16.652472105997212,20838,378225,5.50941899662899,357387,94.490581003371,0.05830654164812934
500,16.68584379358438,20979,378225,5.546698393813206,357246,94.45330160618678,0.058724240439361114
501,16.71921548117155,20949,378225,5.5387666071782675,357276,94.46123339282173,0.058635340744970274
502,16.75258716875872,21465,378225,5.675193337299227,356760,94.32480666270078,0.060166498486377396
503,16.785958856345886,22585,378225,5.971313371670302,355640,94.0286866283297,0.06350523000787313
504,16.819330543933056,22825,378225,6.034767664749818,355400,93.96523233525018,0.06422341024198086
505,16.852702231520222,21535,378225,5.693700839447419,356690,94.30629916055257,0.060374554935658416
506,16.886073919107393,21056,378225,5.567056646176218,357169,94.43294335382379,0.05895248467812156
507,16.919445606694563,20127,378225,5.321435653380924,358098,94.67856434661908,0.05620528458690079
508,16.95281729428173,19581,378225,5.177077136625025,358644,94.82292286337497,0.054597316559039044
509,16.9861889818689,18929,378225,5.004692973759005,359296,94.995307026241,0.05268358122550766
510,17.019560669456066,19016,378225,5.02769515500033,359209,94.97230484499967,0.05293853995863133
511,17.052932357043236,18722,378225,4.949963645977924,359503,95.05003635402207,0.05207745137036408
512,17.086304044630406,18903,378225,4.9978187586753915,359322,95.0021812413246,0.05260741062334062
513,17.119675732217573,18275,378225,4.831780025117324,359950,95.16821997488267,0.05077094040839005
514,17.153047419804743,18270,378225,4.830458060678168,359955,95.16954193932183,0.050756344543067884
515,17.186419107391913,18042,378225,4.770176482252627,360183,95.22982351774736,0.05009120363815061
516,17.21979079497908,18441,378225,4.875669244497323,359784,95.12433075550267,0.05125575345207124
517,17.25316248256625,17502,378225,4.627404322823716,360723,95.37259567717629,0.04851922389201686
518,17.286534170153416,18168,378225,4.803489986119374,360057,95.19651001388063,0.05045867737608212
519,17.319905857740586,17946,378225,4.744794765020821,360279,95.25520523497917,0.049811396167969826
520,17.353277545327757,18229,378225,4.819617952277084,359996,95.18038204772292,0.050636673740819343
521,17.386649232914923,18211,378225,4.8148588802961205,360014,95.18514111970387,0.0505841439499575
522,17.420020920502093,18011,378225,4.761980302729857,360214,95.23801969727015,0.05000083283825726
523,17.45339260808926,17790,378225,4.703549474519136,360435,95.29645052548086,0.04935702692579799
524,17.48676429567643,18114,378225,4.789212770176482,360111,95.21078722982351,0.050301157143214176
525,17.5201359832636,17908,378225,4.734747835283231,360317,95.26525216471677,0.0497006802343492
526,17.553507670850767,18173,378225,4.8048119505585305,360052,95.19518804944147,0.05047326497283726
527,17.586879358437937,17873,378225,4.725494084209135,360352,95.27450591579087,0.04959872569043602
528,17.620251046025107,18233,378225,4.820675523828409,359992,95.17932447617159,0.05064834774106091
529,17.653622733612274,18253,378225,4.825963381585035,359972,95.17403661841497,0.05070672163390486
530,17.686994421199444,18610,378225,4.920351642540815,359615,95.07964835745918,0.051749787967687665
531,17.72036610878661,18364,378225,4.855310992134312,359861,95.1446890078657,0.05103081467566644
532,17.75373779637378,17894,378225,4.731046334853593,360331,95.2689536651464,0.04965989604002986
533,17.78710948396095,18191,378225,4.809571022539494,360034,95.1904289774605,0.050525783675986154
534,17.820481171548117,18272,378225,4.83098684645383,359953,95.16901315354616,0.05076218284053752
535,17.853852859135287,17920,378225,4.737920549937207,360305,95.2620794500628,0.04973564063779298
536,17.887224546722454,18089,378225,4.782602947980699,360136,95.21739705201931,0.050228247106648596
537,17.920596234309624,17972,378225,4.751668980104435,360253,95.24833101989556,0.04988716263292742
538,17.953967921896794,17801,378225,4.70645779628528,360424,95.29354220371472,0.04938905289325905
539,17.98733960948396,17714,378225,4.683455615043956,360511,95.31654438495605,0.049135810003023486
540,18.02071129707113,17727,378225,4.686892722585762,360498,95.31310727741423,0.04917364312700764
541,18.0540829846583,17911,378225,4.735541013946725,360314,95.26445898605328,0.04970942011689804
542,18.087454672245467,18442,378225,4.875933637385154,359783,95.12406636261484,0.05125867536820806
543,18.120826359832638,18243,378225,4.8233194527067225,359982,95.17668054729327,0.05067753387669383
544,18.154198047419804,18130,378225,4.793443056381784,360095,95.20655694361821,0.05034782487954568
545,18.187569735006974,18152,378225,4.799259699914072,360073,95.20074030008593,0.05041199978893169
546,18.220941422594144,18235,378225,4.821204309604071,359990,95.17879569039593,0.05065418483846774
547,18.25431311018131,17564,378225,4.643796681869258,360661,95.35620331813074,0.04869947124862405
548,18.28768479776848,18177,378225,4.805869522109855,360048,95.19413047789016,0.050484935341954404
549,18.321056485355648,18223,378225,4.818031594950096,360002,95.1819684050499,0.05061916322687096
550,18.354428172942818,18445,378225,4.876726816048648,359780,95.12327318395135,0.05126744121407527
551,18.387799860529988,18812,378225,4.973759005882742,359413,95.02624099411726,0.05234090030132466
552,18.421171548117155,19027,378225,5.030603476766475,359198,94.96939652323353,0.052970784915283495
553,18.454543235704325,19553,378225,5.169674135765748,358672,94.83032586423425,0.05451498862470446
554,18.487914923291495,19597,378225,5.181307422830326,358628,94.81869257716967,0.05464436686482929
555,18.52128661087866,19496,378225,5.154603741159363,358729,94.84539625884064,0.05434743218418361
556,18.55465829846583,19265,378225,5.093528984070328,358960,94.90647101592967,0.05366893247158458
557,18.588029986052998,19232,378225,5.084804018771895,358993,94.91519598122811,0.05357207522152242
558,18.621401673640168,19232,378225,5.084804018771895,358993,94.91519598122811,0.05357207522152242
559,18.65477336122734,18694,378225,4.942560645118646,359531,95.05743935488135,0.05199551638106311
560,18.688145048814505,18491,378225,4.888888888888889,359734,95.11111111111111,0.0514018691588785
561,18.721516736401675,17975,378225,4.752462158767929,360250,95.24753784123206,0.04989590562109646
562,18.75488842398884,17965,378225,4.749818229889616,360260,95.25018177011039,0.04986676289346583
563,18.78826011157601,17437,378225,4.6102187851146805,360788,95.38978121488532,0.04833032140758562
564,18.821631799163182,17513,378225,4.630312644589861,360712,95.36968735541014,0.048551198740269245
565,18.85500348675035,17090,378225,4.518474453037213,361135,95.48152554696279,0.047323023246154484
566,18.88837517433752,17351,378225,4.587480996761187,360874,95.41251900323881,0.04808049346863448
567,18.92174686192469,17027,378225,4.501817701103841,361198,95.49818229889617,0.04714034961433895
568,18.955118549511855,17220,378225,4.5528455284552845,361005,95.44715447154472,0.04770017035775128
569,18.988490237099025,16758,378225,4.430696014277216,361467,95.56930398572278,0.046361078604685906
570,19.021861924686192,16698,378225,4.414832441007337,361527,95.58516755899267,0.046187421686347076
571,19.055233612273362,16539,378225,4.372793971842158,361686,95.62720602815784,0.04572750949718817
572,19.088605299860532,17012,378225,4.49785180778637,361213,95.50214819221364,0.047096865284472045
573,19.1219769874477,16651,378225,4.402405975279265,361574,95.59759402472073,0.04605143068915354
574,19.15534867503487,16755,378225,4.4299028356137224,361470,95.57009716438628,0.0463523943895759
575,19.188720362622036,16511,378225,4.36539097098288,361714,95.63460902901711,0.0456465605423069
576,19.222092050209206,16863,378225,4.458457267499504,361362,95.54154273250049,0.0466651169741146
577,19.255463737796376,16493,378225,4.360631899001917,361732,95.63936810099808,0.045594528545995376
578,19.288835425383542,16751,378225,4.428845264062397,361474,95.5711547359376,0.046340815660324115
579,19.322207112970712,16228,378225,4.290567783726617,361997,95.70943221627338,0.04482910079365299
580,19.35557880055788,16744,378225,4.4269945138475775,361481,95.57300548615243,0.046320553500737244
581,19.38895048814505,16426,378225,4.342917575517219,361799,95.65708242448278,0.045400899394415134
582,19.42232217573222,16513,378225,4.365919756758544,361712,95.63408024324146,0.04565234219489538
583,19.455693863319386,16422,378225,4.341860003965893,361803,95.65813999603411,0.04538934171358446
584,19.489065550906556,16594,378225,4.38733558067288,361631,95.61266441932712,0.045886552867425635
585,19.522437238493726,16494,378225,4.360896291889748,361731,95.63910370811026,0.04559741907660665
586,19.555808926080893,16591,378225,4.386542402009386,361634,95.61345759799062,0.045877876527096455
587,19.589180613668063,16830,378225,4.449732302201071,361395,95.55026769779893,0.04656954302079442
588,19.62255230125523,17505,378225,4.62819750148721,360720,95.37180249851279,0.048527944111776446
589,19.6559239888424,18155,378225,4.800052878577566,360070,95.19994712142244,0.050420751520537675
590,19.68929567642957,18181,378225,4.806927093661181,360044,95.19307290633881,0.0504966059703814
591,19.722667364016736,17570,378225,4.645383039196246,360655,95.35461696080375,0.0487169178300592
592,19.756039051603906,17365,378225,4.591182497190826,360860,95.40881750280917,0.04812115501856676
593,19.789410739191073,17041,378225,4.505519201533479,361184,95.49448079846653,0.04718093824754142
594,19.822782426778243,16545,378225,4.374380329169146,361680,95.62561967083086,0.045744857332448575
595,19.856154114365413,16704,378225,4.416418798334325,361521,95.58358120166568,0.04620478478428639
596,19.88952580195258,16507,378225,4.364333399431556,361718,95.63566660056844,0.045634997428936355
597,19.92289748953975,17290,378225,4.571353030603477,360935,95.42864696939652,0.04790336210120936
598,19.95626917712692,17889,378225,4.729724370414436,360336,95.27027562958557,0.04964533102437725
599,19.989640864714087,18119,378225,4.790534734615639,360106,95.20946526538437,0.050315740365336876
600,20.023012552301257,18066,378225,4.77652191156058,360159,95.22347808843942,0.05016117881269106
601,20.056384239888423,18037,378225,4.7688545178134705,360188,95.23114548218653,0.050076626650526944
602,20.089755927475593,17572,378225,4.645911824971908,360653,95.3540881750281,0.04872273348620419
603,20.123127615062764,17814,378225,4.709894903827087,360411,95.29010509617292,0.04942690428427545
604,20.15649930264993,17806,378225,4.707779760724437,360419,95.29222023927557,0.04940361079743299
605,20.1898709902371,17738,378225,4.689801044351907,360487,95.31019895564809,0.049205657901671904
606,20.223242677824267,17891,378225,4.7302531561900985,360334,95.2697468438099,0.049651156982133245
607,20.256614365411437,18607,378225,4.919558463877322,359618,95.08044153612268,0.051741014076047365
608,20.289986052998607,18457,378225,4.879899530702624,359768,95.12010046929737,0.05130250605946054
609,20.323357740585774,18013,378225,4.762509088505519,360212,95.23749091149448,0.050006662743051315
610,20.356729428172944,17866,378225,4.723643333994316,360359,95.27635666600568,0.049578337158222775
611,20.390101115760114,17429,378225,4.60810364201203,360796,95.39189635798797,0.048307076575128324
612,20.42347280334728,16893,378225,4.466389054134444,361332,95.53361094586556,0.04675201753512006
613,20.45684449093445,17269,378225,4.5658007799590195,360956,95.43419922004098,0.04784239630315052
614,20.490216178521617,17426,378225,4.607310463348536,360799,95.39268953665146,0.04829836002871405
615,20.523587866108787,17656,378225,4.668120827549739,360569,95.33187917245026,0.04896704930263001
616,20.556959553695958,18167,378225,4.803225593231542,360058,95.19677440676845,0.050455759905348584
617,20.590331241283124,18527,378225,4.898407032850816,359698,95.10159296714919,0.05150709762078188
618,20.623702928870294,18616,378225,4.9219379998678034,359609,95.0780620001322,0.051767336190139845
619,20.65707461645746,18574,378225,4.910833498578889,359651,95.0891665014211,0.05164451092865027
620,20.69044630404463,18211,378225,4.8148588802961205,360014,95.18514111970387,0.0505841439499575
621,20.7238179916318,18050,378225,4.772291625355278,360175,95.22770837464472,0.0501145276601652
622,20.757189679218968,17884,378225,4.728402405975279,360341,95.27159759402473,0.049630766412925534
623,20.790561366806138,17810,378225,4.7088373322757615,360415,95.29116266772424,0.049415257411594964
624,20.823933054393308,17700,378225,4.679754114614317,360525,95.32024588538567,0.04909506969003537
625,20.857304741980474,17634,378225,4.66230418401745,360591,95.33769581598254,0.048903050824895794
626,20.890676429567645,17631,378225,4.661511005353956,360594,95.33848899464604,0.048894324364798084
627,20.92404811715481,18065,378225,4.776257518672748,360160,95.22374248132725,0.05015826299422479
628,20.95741980474198,18391,378225,4.862449600105758,359834,95.13755039989424,0.05110967835168439
629,20.99079149232915,18428,378225,4.872232136955516,359797,95.12776786304448,0.051217770020317015
630,21.024163179916318,18317,378225,4.842884526406239,359908,95.15711547359376,0.05089356168798693
631,21.057534867503488,18205,378225,4.813272522969132,360020,95.18672747703086,0.05056663518693406
632,21.090906555090655,17966,378225,4.750082622777447,360259,95.24991737722254,0.04986967709342445
633,21.124278242677825,17948,378225,4.745323550796483,360277,95.25467644920352,0.049817223969334704
634,21.157649930264995,18068,378225,4.777050697336241,360157,95.22294930266376,0.050167010498199396
635,21.19102161785216,17778,378225,4.70037675986516,360447,95.29962324013485,0.04932209173609435
636,21.22439330543933,17824,378225,4.7125388327054,360401,95.2874611672946,0.04945602259705162
637,21.257764993026502,17759,378225,4.695353294996365,360466,95.30464670500363,0.04926678244272691
638,21.29113668061367,17951,378225,4.7461167294599775,360274,95.25388327054002,0.04982596579270222
639,21.32450836820084,18062,378225,4.775464340009253,360163,95.22453565999075,0.05014951563597593
640,21.357880055788005,18315,378225,4.842355740630577,359910,95.15764425936942,0.05088772193048262
641,21.391251743375175,18103,378225,4.786304448410338,360122,95.21369555158967,0.05026907547997623
642,21.424623430962345,18087,378225,4.782074162205037,360138,95.21792583779497,0.05022241474101594
643,21.457995118549512,17917,378225,4.737127371273712,360308,95.26287262872629,0.0497269003186163
644,21.491366806136682,17697,378225,4.6789609359508235,360528,95.32103906404917,0.0490863400346159
645,21.52473849372385,17572,378225,4.645911824971908,360653,95.3540881750281,0.04872273348620419
646,21.55811018131102,17549,378225,4.639830788551788,360676,95.36016921144821,0.04865585733456066
647,21.59148186889819,17634,378225,4.66230418401745,360591,95.33769581598254,0.048903050824895794
648,21.624853556485355,17593,378225,4.651464075616366,360632,95.34853592438364,0.04878380177022561
649,21.658225244072526,17689,378225,4.676845792848172,360536,95.32315420715183,0.04906306166374509
650,21.691596931659696,17599,378225,4.6530504329433535,360626,95.34694956705665,0.04880125115770909
651,21.724968619246862,17545,378225,4.6387732170004625,360680,95.36122678299954,0.04864422757014528
652,21.758340306834032,17469,378225,4.6186793575252825,360756,95.38132064247472,0.04842331104680172
653,21.7917119944212,17500,378225,4.626875537048054,360725,95.37312446295194,0.04851341049275764
654,21.82508368200837,17401,378225,4.600700641152753,360824,95.39929935884724,0.04822572777864
655,21.85845536959554,17271,378225,4.566329565734682,360954,95.43367043426531,0.0478482022640004
656,21.891827057182706,16530,378225,4.370414435851676,361695,95.62958556414833,0.045701488823456225
657,21.925198744769876,16950,378225,4.481459448740829,361275,95.51854055125916,0.04691716836205107
658,21.958570432357043,17215,378225,4.551523564016128,361010,95.44847643598388,0.04768565967701726
659,21.991942119944213,17217,378225,4.552052349791791,361008,95.4479476502082,0.04769146390107699
660,22.025313807531383,17242,378225,4.5586621719875735,360983,95.44133782801242,0.04776402212846588
661,22.05868549511855,16819,378225,4.446823980434926,361406,95.55317601956507,0.04653768891495991
662,22.09205718270572,16561,378225,4.378610615374447,361664,95.62138938462556,0.045791121040523804
663,22.12542887029289,16698,378225,4.414832441007337,361527,95.58516755899267,0.046187421686347076
664,22.158800557880056,16575,378225,4.382312115804085,361650,95.61768788419592,0.04583160514309415
665,22.192172245467226,16425,378225,4.3426531826293875,361800,95.65734681737061,0.04539800995024876
666,22.225543933054393,16730,378225,4.42329301341794,361495,95.57670698658207,0.04628003153570589
667,22.258915620641563,16898,378225,4.4677110185736,361327,95.53228898142639,0.04676650236489385
668,22.292287308228733,16702,378225,4.415890012558662,361523,95.58410998744134,0.046198997020936425
669,22.3256589958159,17195,378225,4.546235706259502,361030,95.45376429374049,0.04762762097332632
670,22.35903068340307,17164,378225,4.53803952673673,361061,95.46196047326328,0.04753767368948737
671,22.392402370990236,16791,378225,4.439420979575649,361434,95.56057902042436,0.04645661448563223
672,22.425774058577407,16687,378225,4.411924119241192,361538,95.58807588075881,0.04615559083692447
673,22.459145746164577,16551,378225,4.375966686496134,361674,95.62403331350386,0.045762205743293684
674,22.492517433751743,16451,378225,4.349527397713001,361774,95.650472602287,0.04547314069004406
675,22.525889121338913,16566,378225,4.379932579813603,361659,95.62006742018639,0.04580557928877755
676,22.55926080892608,16691,378225,4.412981690792518,361534,95.58701830920748,0.046167165467148316
677,22.59263249651325,16788,378225,4.438627800912156,361437,95.56137219908784,0.04644792868466704
678,22.62600418410042,16905,378225,4.469561768788419,361320,95.53043823121158,0.04678678180006642
679,22.659375871687587,17299,378225,4.573732566593958,360926,95.42626743340604,0.0479294924721411
680,22.692747559274757,17294,378225,4.572410602154802,360931,95.4275893978452,0.04791497543851872
681,22.726119246861927,17125,378225,4.52772820411131,361100,95.47227179588869,0.04742453613957352
682,22.759490934449094,16696,378225,4.414303655231675,361529,95.58569634476832,0.04618163411510556
683,22.792862622036264,16836,378225,4.4513186595280585,361389,95.54868134047194,0.046586918804944255
684,22.82623430962343,16830,378225,4.449732302201071,361395,95.55026769779893,0.04656954302079442
685,22.8596059972106,16496,378225,4.361425077665411,361729,95.63857492233458,0.045603200185774434
686,22.89297768479777,16497,378225,4.361689470553242,361728,95.63831052944676,0.04560609076433121
687,22.926349372384937,16705,378225,4.416683191222156,361520,95.58331680877784,0.046207678689975655
688,22.959721059972107,16877,378225,4.462158767929143,361348,95.53784123207085,0.04670566877359222
689,22.993092747559274,16844,378225,4.45343380263071,361381,95.54656619736929,0.04661008741466762
690,23.026464435146444,16984,378225,4.490448806927094,361241,95.50955119307291,0.04701570419747481
691,23.059836122733614,17059,378225,4.510278273514443,361166,95.48972172648556,0.047233128256812654
692,23.09320781032078,16845,378225,4.453698195518541,361380,95.54630180448146,0.04661298356300847
693,23.12657949790795,17046,378225,4.506841165972635,361179,95.49315883402737,0.04719543495053699
694,23.15995118549512,16743,378225,4.426730120959746,361482,95.57326987904025,0.04631765897057115
695,23.193322873082288,16659,378225,4.404521118381916,361566,95.59547888161808,0.04607457559615672
696,23.226694560669458,16612,378225,4.392094652653843,361613,95.60790534734616,0.045938613932574326
697,23.260066248256624,16450,378225,4.34926300482517,361775,95.65073699517484,0.04547025084652063
698,23.293437935843794,16208,378225,4.285279925969991,362017,95.71472007403001,0.04477137813970062
699,23.326809623430965,16195,378225,4.281842818428185,362030,95.71815718157181,0.04473386183465459
700,23.36018131101813,16267,378225,4.300879106352038,361958,95.69912089364796,0.04494167831626874
701,23.3935529986053,16482,378225,4.357723577235772,361743,95.64227642276423,0.045562733764025844
702,23.426924686192468,16793,378225,4.4399497653513125,361432,95.56005023464868,0.04646240509971447
703,23.460296373779638,16753,378225,4.429374049838059,361472,95.57062595016194,0.046346604992917845
704,23.493668061366808,16375,378225,4.329433538237821,361850,95.67056646176218,0.04525355810418682
705,23.527039748953975,16324,378225,4.315949500958424,361901,95.68405049904158,0.0451062583413696
706,23.560411436541145,15970,378225,4.2223544186661375,362255,95.77764558133386,0.04408496777132131
707,23.593783124128315,15816,378225,4.181637913940115,362409,95.81836208605988,0.04364130029883364
708,23.62715481171548,15901,378225,4.204111309405777,362324,95.79588869059423,0.043886135061436723
709,23.66052649930265,16004,378225,4.231343776852403,362221,95.7686562231476,0.044182971169534624
710,23.693898186889818,16326,378225,4.316478286734087,361899,95.68352171326592,0.04511203402054164
711,23.72726987447699,16393,378225,4.3341926102187855,361832,95.66580738978121,0.04530555616971412
712,23.76064156206416,16230,378225,4.2910965695022805,361995,95.70890343049771,0.044834873409853725
713,23.794013249651325,16376,378225,4.3296979311256525,361849,95.67030206887435,0.04525644674988739
714,23.827384937238495,16442,378225,4.34714786172252,361783,95.65285213827748,0.045447132673453426
715,23.86075662482566,16401,378225,4.336307753321435,361824,95.66369224667856,0.04532866808171929
716,23.894128312412832,16090,378225,4.254081565205896,362135,95.7459184347941,0.04443094426111809
717,23.927500000000002,16318,378225,4.314363143631436,361907,95.68563685636856,0.04508893168686983
718,23.96087168758717,16231,378225,4.291360962390112,361994,95.70863903760988,0.04483775974187418
719,23.99424337517434,16069,378225,4.248529314561438,362156,95.75147068543856,0.04437038182440716
720,24.02761506276151,16188,378225,4.279992068213366,362037,95.72000793178663,0.04471366186329022
721,24.060986750348675,16201,378225,4.283429175755172,362024,95.71657082424483,0.044751176717565684
722,24.094358437935846,16256,378225,4.297970784585894,361969,95.70202921541411,0.044909923225469585
723,24.127730125523012,16618,378225,4.393681009980831,361607,95.60631899001916,0.0459559687727284
724,24.161101813110182,16393,378225,4.3341926102187855,361832,95.66580738978121,0.04530555616971412
725,24.194473500697352,16715,378225,4.419327120100469,361510,95.58067287989954,0.04623661862742386
726,24.22784518828452,16639,378225,4.399233260625289,361586,95.6007667393747,0.0460167152489311
727,24.26121687587169,16600,378225,4.388921937999868,361625,95.61107806200013,0.04590390597995161
728,24.294588563458856,17435,378225,4.609689999339018,360790,95.39031000066099,0.0483245101028299
729,24.327960251046026,18237,378225,4.821733095379734,359988,95.17826690462027,0.05066002200073336
730,24.361331938633196,19005,378225,5.024786833234186,359220,94.97521316676581,0.05290629697678303
731,24.394703626220362,20638,378225,5.456540419062727,357587,94.54345958093727,0.05771462609099324
732,24.428075313807533,22299,378225,5.895697005750546,355926,94.10430299424945,0.0626506633401325
733,24.461447001394703,21802,378225,5.764293740498381,356423,94.23570625950161,0.061168892018753
734,24.49481868898187,18073,378225,4.778372661775398,360152,95.22162733822461,0.050181589995335306
735,24.52819037656904,14266,378225,3.771828937801573,363959,96.22817106219843,0.03919672270777753
736,24.561562064156206,13799,378225,3.648357459184348,364426,96.35164254081565,0.0378650260958329
737,24.594933751743376,14401,378225,3.807521977658801,363824,96.1924780223412,0.039582325520031665
738,24.628305439330546,16332,378225,4.318064644061074,361893,95.68193535593893,0.04512936144108894
739,24.661677126917713,20057,378225,5.302928151232732,358168,94.69707184876727,0.05599886086975944
740,24.695048814504883,25503,378225,6.742811818362086,352722,93.25718818163791,0.07230340041165564
741,24.72842050209205,28141,378225,7.440280256461102,350084,92.5597197435389,0.08038356508723621
742,24.76179218967922,27583,378225,7.292749025051226,350642,92.70725097494878,0.07866427866598981
743,24.79516387726639,25108,378225,6.638376627668715,353117,93.36162337233128,0.07110391173463752
744,24.828535564853556,19753,378225,5.2225527133320115,358472,94.777447286668,0.055103327456537746
745,24.861907252440727,6263,378225,1.6558926564875405,371962,98.34410734351245,0.01683774148972207
746,24.895278940027897,6211,378225,1.642144226320312,372014,98.35785577367969,0.016695608229797803
747,24.928650627615063,8194,378225,2.1664353228898143,370031,97.83356467711019,0.022144090630244494
748,24.962022315202233,9655,378225,2.552713332011369,368570,97.44728666798864,0.02619583796836422
749,24.9953940027894,12152,378225,3.2129023729261688,366073,96.78709762707383,0.03319556481903883
750,25.02876569037657,15033,378225,3.9746182827681933,363192,96.02538171723181,0.04139133020551113
751,25.06213737796374,18435,378225,4.874082887170335,359790,95.12591711282965,0.05123822229633953
752,25.095509065550907,19717,378225,5.213034569370084,358508,94.78696543062992,0.05499737802224776
753,25.128880753138077,19033,378225,5.032189834093463,359192,94.96781016590654,0.052988373905877635
754,25.162252440725243,17720,378225,4.685041972370943,360505,95.31495802762906,0.04915327110580991
755,25.195624128312414,15842,378225,4.188512129023729,362383,95.81148787097628,0.043716178739068884
756,25.228995815899584,11475,378225,3.0339083878643662,366750,96.96609161213563,0.03128834355828221
757,25.26236750348675,10815,378225,2.859409081895697,367410,97.14059091810431,0.0294357801910672
758,25.29573919107392,12043,378225,3.1840835481525547,366182,96.81591645184746,0.03288801743395361
759,25.32911087866109,12994,378225,3.435521184480138,365231,96.56447881551986,0.03557748383899505
760,25.362482566248257,14090,378225,3.7252957895432615,364135,96.27470421045675,0.038694440248808824
761,25.395854253835427,14979,378225,3.9603410668253023,363246,96.03965893317469,0.04123651740143044
762,25.429225941422594,15527,378225,4.1052283693568645,362698,95.89477163064313,0.04280972048370821
763,25.462597629009764,15948,378225,4.216537775133848,362277,95.78346222486616,0.0440215636101657
764,25.495969316596934,15760,378225,4.166831912221562,362465,95.83316808777845,0.043480060143738015
765,25.5293410041841,14344,378225,3.7924515830524164,363881,96.20754841694759,0.03941948054446371
766,25.56271269177127,13580,378225,3.5904554167492893,364645,96.4095445832507,0.037241700832316364
767,25.596084379358437,11917,378225,3.150770044285809,366308,96.8492299557142,0.032532732017864746
768,25.629456066945608,10174,378225,2.6899332407958223,368051,97.31006675920418,0.027642908183920165
769,25.662827754532778,10967,378225,2.8995968008460573,367258,97.10040319915394,0.02986184099461414
770,25.696199442119944,12640,378225,3.341926102187851,365585,96.65807389781214,0.03457472270470616
771,25.729571129707114,13706,378225,3.6237689206160355,364519,96.37623107938397,0.03760023483000886
772,25.762942817294284,14947,378225,3.9518804944147004,363278,96.04811950558529,0.041144798198624745
773,25.79631450488145,15396,378225,4.070592901050961,362829,95.92940709894904,0.04243321233969721
774,25.82968619246862,15605,378225,4.125851014607707,362620,95.8741489853923,0.043034030114169106
775,25.863057880055788,16053,378225,4.244299028356138,362172,95.75570097164386,0.04432424372949869
776,25.896429567642958,15412,378225,4.074823187256263,362813,95.92517681274374,0.04247918349121999
777,25.929801255230128,13777,378225,3.6425408156520587,364448,96.35745918434793,0.037802375098779525
778,25.963172942817295,13145,378225,3.4754445105426663,365080,96.52455548945733,0.0360058069464227
779,25.996544630404465,12032,378225,3.18117522638641,366193,96.81882477361358,0.03285699071254775
780,26.02991631799163,10721,378225,2.834556150439553,367504,97.16544384956045,0.029172471592145935
781,26.0632880055788,11328,378225,2.995042633353163,366897,97.00495736664683,0.030875150246526956
782,26.09665969316597,12056,378225,3.187520655694362,366169,96.81247934430563,0.03292468778077882
783,26.130031380753138,13288,378225,3.513252693502545,364937,96.48674730649745,0.03641176422231782
784,26.16340306834031,13960,378225,3.69092471412519,364265,96.30907528587481,0.038323747820954525
785,26.196774755927475,13992,378225,3.6993852865357923,364233,96.3006147134642,0.03841497063692746
786,26.230146443514645,13731,378225,3.6303787428118186,364494,96.36962125718819,0.037671401998386804
787,26.263518131101815,13180,378225,3.4846982616167623,365045,96.51530173838324,0.03610513772274651
788,26.29688981868898,12286,378225,3.2483310198955646,365939,96.75166898010443,0.03357390166120583
789,26.330261506276152,11388,378225,3.010906206623042,366837,96.98909379337695,0.031043760580312236
790,26.363633193863322,10716,378225,2.8332341860003964,367509,97.1667658139996,0.029158469588499873
791,26.39700488145049,10317,378225,2.7277414237557007,367908,97.2722585762443,0.028042336671124303
792,26.43037656903766,10691,378225,2.826624363804614,367534,97.17337563619539,0.029088465284844395
793,26.463748256624825,11131,378225,2.942957234450393,367094,97.05704276554961,0.0303219338915918
794,26.497119944211995,11820,378225,3.1251239341661705,366405,96.87487606583383,0.032259385106644285
795,26.530491631799165,13121,378225,3.4690990812347144,365104,96.53090091876528,0.03593770542092116
796,26.563863319386332,13422,378225,3.548681340471941,364803,96.45131865952806,0.03679246058831753
797,26.597235006973502,13138,378225,3.473593760327847,365087,96.52640623967216,0.03598594307658175
798,26.63060669456067,12727,378225,3.3649282834291756,365498,96.63507171657082,0.03482098397255252
799,26.66397838214784,12560,378225,3.3207746711613457,365665,96.67922532883865,0.03434837898076108
800,26.69735006973501,11707,378225,3.095247537841232,366518,96.90475246215877,0.0319411324955391
801,26.730721757322176,11324,378225,2.9939850618018378,366901,97.00601493819816,0.03086391151836599
802,26.764093444909346,11225,378225,2.967810165906537,367000,97.03218983409346,0.0305858310626703
803,26.797465132496516,11249,378225,2.9741555952144885,366976,97.02584440478552,0.030653230728985
804,26.830836820083682,11501,378225,3.0407826029479805,366724,96.95921739705202,0.03136145984446068
805,26.864208507670853,12368,378225,3.2700112366977327,365857,96.72998876330226,0.03380555790923776
806,26.89758019525802,12714,378225,3.3614911758873682,365511,96.63850882411263,0.034784178861922074
807,26.93095188284519,13026,378225,3.44398175689074,365199,96.55601824310926,0.035668224721316324
808,26.96432357043236,12752,378225,3.3715381056249583,365473,96.62846189437504,0.03489177039069918
809,26.997695258019526,12959,378225,3.426267433406041,365266,96.57373256659396,0.03547825420378573
810,27.031066945606696,12337,378225,3.261815057174962,365888,96.73818494282503,0.033717968340038484
811,27.064438633193863,12049,378225,3.1856699054795428,366176,96.81433009452046,0.03290494188586909
812,27.097810320781033,11472,378225,3.033115209200872,366753,96.96688479079913,0.031279907730816105
813,27.131182008368203,11458,378225,3.029413708771234,366767,96.97058629122877,0.031240542360681304
814,27.16455369595537,11757,378225,3.108467182232798,366468,96.8915328177672,0.03208192802645797
815,27.19792538354254,12312,378225,3.255205234979179,365913,96.74479476502083,0.03364734240106255
816,27.23129707112971,12131,378225,3.207350122281711,366094,96.79264987771829,0.03313629832775189
817,27.264668758716876,13070,378225,3.455615043955318,365155,96.54438495604468,0.035793019402719395
818,27.298040446304046,13198,378225,3.4894573335977266,365027,96.51054266640227,0.03615622953918477
819,27.331412133891213,13286,378225,3.512723907726882,364939,96.48727609227312,0.0364060843045002
820,27.364783821478383,12846,378225,3.3963910370811026,365379,96.6036089629189,0.035158014007373166
821,27.398155509065553,12811,378225,3.3871372860070066,365414,96.612862713993,0.03505886473971988
822,27.43152719665272,12508,378225,3.3070262409941176,365717,96.69297375900588,0.034201308662162276
823,27.46489888423989,12100,378225,3.19915394275894,366125,96.80084605724106,0.03304882212359167
824,27.498270571827057,12139,378225,3.2094652653843614,366086,96.79053473461565,0.03315887523696618
825,27.531642259414227,12244,378225,3.2372265186066493,365981,96.76277348139335,0.03345528866252619
826,27.565013947001397,12528,378225,3.312314098750744,365697,96.68768590124925,0.034257869219599835
827,27.598385634588563,12786,378225,3.3805274638112235,365439,96.61947253618878,0.0349880554620607
828,27.631757322175734,12768,378225,3.3757683918302597,365457,96.62423160816974,0.03493707878081416
829,27.665129009762904,13318,378225,3.521184480137484,364907,96.47881551986252,0.03649697046096677
830,27.69850069735007,13179,378225,3.484433868728931,365046,96.51556613127107,0.036102299436235434
831,27.73187238493724,13177,378225,3.4839050829532687,365048,96.51609491704673,0.03609662290986391
832,27.765244072524407,13133,378225,3.4722717958886906,365092,96.52772820411131,0.0359717550644769
833,27.798615760111577,12997,378225,3.436314363143631,365228,96.56368563685636,0.035585990121239336
834,27.831987447698747,12769,378225,3.376032784718091,365456,96.62396721528191,0.03493991068692264
835,27.865359135285914,13149,378225,3.4765020820939916,365076,96.52349791790601,0.03601715807119613
836,27.898730822873084,13221,378225,3.4955383700178464,365004,96.50446162998215,0.03622152086004537
837,27.93210251046025,13919,378225,3.680084605724106,364306,96.3199153942759,0.03820689200836659
838,27.96547419804742,14338,378225,3.7908652257254283,363887,96.20913477427457,0.039402341935820734
839,27.99884588563459,14880,378225,3.934166170930002,363345,96.06583382907,0.040952813441770215
840,28.032217573221757,14563,378225,3.8503536254874744,363662,96.14964637451251,0.040045426797410785
841,28.065589260808927,14997,378225,3.9651001388062665,363228,96.03489986119374,0.04128811655489114
842,28.098960948396098,14892,378225,3.9373388855839777,363333,96.06266111441603,0.04098719356623263
843,28.132332635983264,14788,378225,3.9098420252495205,363437,96.09015797475048,0.040689307913063334
844,28.165704323570434,14696,378225,3.885517879569039,363529,96.11448212043095,0.04042593575753241
845,28.1990760111576,14692,378225,3.8844603080177142,363533,96.11553969198229,0.040414487818162315
846,28.23244769874477,14811,378225,3.915923061669641,363414,96.08407693833036,0.04075517178754809
847,28.26581938633194,15329,378225,4.052878577566264,362896,95.94712142243374,0.042240752171421016
848,28.299191073919108,15270,378225,4.037279397184216,362955,95.96272060281579,0.04207133115675497
849,28.332562761506278,15757,378225,4.166038733558067,362468,95.83396126644193,0.04347142368429765
850,28.365934449093444,15878,378225,4.1980302729856565,362347,95.80196972701435,0.0438198743193679
851,28.399306136680615,15894,378225,4.202260559190957,362331,95.79773944080904,0.04386596785811868
852,28.432677824267785,15296,378225,4.04415361226783,362929,95.95584638773217,0.04214598447630253
853,28.46604951185495,15614,378225,4.128230550598189,362611,95.87176944940181,0.043059918204356736
854,28.49942119944212,15136,378225,4.001850750214819,363089,95.99814924978519,0.04168674897890049
855,28.53279288702929,14744,378225,3.8982087381849424,363481,96.10179126181507,0.040563330683034325
856,28.566164574616458,15041,378225,3.9767334258708438,363184,96.02326657412915,0.04141426935107274
857,28.599536262203628,14845,378225,3.924912419855906,363380,96.07508758014409,0.040852551048489186
858,28.632907949790795,15106,378225,3.9939189635798797,363119,96.00608103642013,0.041600687377967
859,28.666279637377965,14989,378225,3.962984995703615,363236,96.03701500429639,0.04126518296644606
860,28.699651324965135,14975,378225,3.959283495273977,363250,96.04071650472602,0.041225051617343425
861,28.7330230125523,15255,378225,4.033313503866745,362970,95.96668649613326,0.042028266798909
862,28.76639470013947,15126,378225,3.999206821336506,363099,96.00079317866349,0.041658060198458274
863,28.79976638772664,15095,378225,3.991010641813735,363130,96.00898935818627,0.04156913502051607
864,28.83313807531381,14896,378225,3.938396457135303,363329,96.06160354286469,0.0409986541123885
865,28.86650976290098,14805,378225,3.914336704342653,363420,96.08566329565734,0.04073798910351659
866,28.899881450488145,14858,378225,3.928349527397713,363367,96.07165047260229,0.040889789111284186
867,28.933253138075315,14529,378225,3.8413642673012096,363696,96.1586357326988,0.03994819849544674
868,28.966624825662485,14347,378225,3.7932447617159095,363878,96.20675523828409,0.03942805006073464
869,28.999996513249652,14191,378225,3.751999471214224,364034,96.24800052878577,0.03898262250229374
870,29.033368200836822,14395,378225,3.805935620331813,363830,96.19406437966819,0.03956518154082951
871,29.06673988842399,14515,378225,3.837662766871571,363710,96.16233723312843,0.03990816859585934
872,29.10011157601116,14517,378225,3.838191552647234,363708,96.16180844735277,0.039913886964268036
873,29.13348326359833,14732,378225,3.895036023530967,363493,96.10496397646904,0.04052897854979325
874,29.166854951185496,14659,378225,3.875735342719281,363566,96.12426465728072,0.040320051930048464
875,29.200226638772666,14627,378225,3.8672747703086783,363598,96.13272522969132,0.04022849410612819
876,29.233598326359832,14477,378225,3.827615837133981,363748,96.17238416286602,0.03979953154381605
877,29.266970013947002,14417,378225,3.8117522638641024,363808,96.1882477361359,0.0396280455624945
878,29.300341701534173,14578,378225,3.854319518804944,363647,96.14568048119506,0.04008832741642307
879,29.33371338912134,14501,378225,3.833961266441933,363724,96.16603873355807,0.039868141777831545
880,29.36708507670851,14437,378225,3.817040121620728,363788,96.18295987837926,0.03968520127106996
881,29.400456764295676,14275,378225,3.774208473792055,363950,96.22579152620794,0.03922242066217887
882,29.433828451882846,14404,378225,3.808315156322295,363821,96.1916848436777,0.03959089772168182
883,29.467200139470016,14226,378225,3.76125322228832,363999,96.23874677771168,0.039082524951991625
884,29.500571827057183,14278,378225,3.7750016524555488,363947,96.22499834754446,0.03923098692941555
885,29.533943514644353,14035,378225,3.710754180712539,364190,96.28924581928746,0.03853757653971828
886,29.567315202231523,14203,378225,3.7551721858682003,364022,96.2448278141318,0.0390168726066007
887,29.60068688981869,13829,378225,3.6562892458192873,364396,96.3437107541807,0.03795047146510939
888,29.63405857740586,13975,378225,3.69489060744266,364250,96.30510939255734,0.03836650652024708
889,29.667430264993026,13842,378225,3.6597263533610946,364383,96.3402736466389,0.03798750216118754
890,29.700801952580196,13781,378225,3.643598387203384,364444,96.35640161279662,0.03781376562654345
891,29.734173640167366,13784,378225,3.644391565866878,364441,96.35560843413312,0.03782230868645405
892,29.767545327754533,13890,378225,3.672417211976998,364335,96.32758278802301,0.03812425377743011
893,29.800917015341703,13902,378225,3.6755899266309733,364323,96.32441007336902,0.038158447311863374
894,29.83428870292887,14199,378225,3.754114614316875,364026,96.24588538568312,0.039005455654266455
895,29.86766039051604,14223,378225,3.760460043624826,364002,96.23953995637518,0.03907396113208169
896,29.90103207810321,14257,378225,3.769449401811091,363968,96.23055059818891,0.03917102602426587
897,29.934403765690377,14096,378225,3.7268821468702495,364129,96.27311785312975,0.03871155552015906
898,29.967775453277547,14161,378225,3.744067684579285,364064,96.25593231542071,0.03889700711962732
899,30.001147140864717,14083,378225,3.723445039328442,364142,96.27655496067156,0.03867447314509175
900,30.034518828451883,14103,378225,3.7287328970850684,364122,96.27126710291493,0.03873152404963172
901,30.067890516039053,13781,378225,3.643598387203384,364444,96.35640161279662,0.03781376562654345
902,30.10126220362622,13894,378225,3.673474783528323,364331,96.32652521647168,0.0381356513719667
903,30.13463389121339,13958,378225,3.6903959283495276,364267,96.30960407165047,0.03831804692711665
904,30.16800557880056,14059,378225,3.7170996100204903,364166,96.2829003899795,0.03860602033138733
905,30.201377266387727,13867,378225,3.6663361755568773,364358,96.33366382444312,0.038058722465267675
906,30.234748953974897,14048,378225,3.714191288254346,364177,96.28580871174566,0.03857464914039052
907,30.268120641562064,13718,378225,3.6269416352700112,364507,96.37305836472999,0.037634393852518606
908,30.301492329149234,13957,378225,3.690131535461696,364268,96.30986846453831,0.03831519650367312
909,30.334864016736404,14016,378225,3.7057307158437442,364209,96.29426928415626,0.03848339826857656
910,30.36823570432357,14077,378225,3.721858682001454,364148,96.27814131799855,0.038657359095752276
911,30.40160739191074,13834,378225,3.657611210258444,364391,96.34238878974155,0.03796471372783631
912,30.43497907949791,14034,378225,3.7104897878247076,364191,96.28951021217529,0.03853472491082976
913,30.468350767085077,13937,378225,3.68484367770507,364288,96.31515632229492,0.0382581913211525
914,30.501722454672247,14128,378225,3.7353427192808515,364097,96.26465728071915,0.038802846494203465
915,30.535094142259414,14217,378225,3.758873686297839,364008,96.24112631370217,0.039056833915738116
916,30.568465829846584,14144,378225,3.739573005486153,364081,96.26042699451385,0.038848497999071634
917,30.601837517433754,14155,378225,3.742481327252297,364070,96.2575186727477,0.03887988573625951
918,30.63520920502092,14337,378225,3.790600832837596,363888,96.2093991671624,0.03939948555599525
919,30.66858089260809,14225,378225,3.760988829400489,364000,96.23901117059951,0.03907967032967033
920,30.701952580195258,14216,378225,3.758609293410007,364009,96.24139070659,0.03905397943457442
921,30.735324267782428,14590,378225,3.8574922334589203,363635,96.14250776654109,0.04012265045993922
922,30.768695955369598,14760,378225,3.902439024390244,363465,96.09756097560975,0.04060913705583756
923,30.802067642956764,14781,378225,3.9079912750347017,363444,96.0920087249653,0.04066926404067752
924,30.835439330543934,14981,378225,3.960869852600965,363244,96.03913014739904,0.04124225038816883
925,30.868811018131105,14811,378225,3.915923061669641,363414,96.08407693833036,0.04075517178754809
926,30.90218270571827,14567,378225,3.8514111970387996,363658,96.1485888029612,0.04005686661643632
927,30.93555439330544,14616,378225,3.864366448542534,363609,96.13563355145746,0.040197024826118165
928,30.968926080892608,14613,378225,3.86357326987904,363612,96.13642673012096,0.04018844262565592
929,31.002297768479778,14559,378225,3.849296053936149,363666,96.15070394606386,0.04003398723004075
930,31.035669456066948,14838,378225,3.923061669641087,363387,96.07693833035891,0.040832500887483594
931,31.069041143654115,14883,378225,3.934959349593496,363342,96.0650406504065,0.04096140825998646
932,31.102412831241285,15109,378225,3.994712142243374,363116,96.00528785775663,0.04160929289813724
933,31.13578451882845,15589,378225,4.121620728402406,362636,95.8783792715976,0.04298801001555279
934,31.16915620641562,15470,378225,4.090157974750479,362755,95.90984202524953,0.04264586291022867
935,31.20252789400279,15324,378225,4.051556613127107,362901,95.9484433868729,0.042226392321872905
936,31.23589958158996,15098,378225,3.9918038204772293,363127,96.00819617952277,0.04157774001933208
937,31.26927126917713,14920,378225,3.9447418864432544,363305,96.05525811355675,0.041067422688925284
938,31.3026429567643,14906,378225,3.941040386013616,363319,96.05895961398639,0.04102730658181928
939,31.336014644351465,14941,378225,3.9502941370877123,363284,96.04970586291228,0.04112760264696491
940,31.369386331938635,14773,378225,3.905876131932051,363452,96.09412386806795,0.040646357703355604
941,31.402758019525802,15005,378225,3.9672152819089166,363220,96.03278471809108,0.04131105115357084
942,31.436129707112972,15129,378225,4.0,363096,96.0,0.041666666666666664
943,31.469501394700142,14820,378225,3.918302597660123,363405,96.08169740233987,0.04078094687745078
944,31.50287308228731,14766,378225,3.904025381717232,363459,96.09597461828277,0.04062631548537799
945,31.53624476987448,14710,378225,3.8892193799986785,363515,96.11078062000132,0.04046600552934542
946,31.569616457461645,14068,378225,3.7194791460109724,364157,96.28052085398903,0.03863168907916091
947,31.602988145048815,13857,378225,3.663692246678564,364368,96.33630775332144,0.03803023317086023
948,31.636359832635986,13863,378225,3.665278604005552,364362,96.33472139599445,0.03804732655984982
949,31.669731520223152,13960,378225,3.69092471412519,364265,96.30907528587481,0.038323747820954525
950,31.703103207810322,14375,378225,3.800647762575186,363850,96.19935223742482,0.0395080390270716
951,31.736474895397492,14320,378225,3.7861061537444645,363905,96.21389384625554,0.03935092950083126
952,31.76984658298466,14239,378225,3.7646903298301275,363986,96.23530967016988,0.03911963646953454
953,31.80321827057183,14502,378225,3.8342256593297637,363723,96.16577434067024,0.03987100073407511
954,31.836589958158996,14313,378225,3.784255403529645,363912,96.21574459647036,0.039330937149640574
955,31.869961645746166,14387,378225,3.8038204772291624,363838,96.19617952277085,0.039542323781463176
