t,lower,upper
0.000,-391.5,-289.0
0.100,-393.6,-288.6
0.200,-395.4,-287.9
0.300,-396.4,-287.2
0.400,-396.7,-286.8
0.500,-394.7,-286.2
0.600,-390.8,-285.9
0.700,-387.7,-285.2
0.800,-386.9,-284.9
0.900,-386.2,-285.0
1.000,-386.2,-284.8
1.100,-386.8,-284.7
1.200,-388.1,-284.2
1.300,-389.5,-283.9
1.400,-389.9,-283.2
1.500,-389.3,-283.0
1.600,-387.8,-282.8
1.700,-386.8,-282.9
1.800,-385.2,-282.2
1.900,-385.1,-282.0
2.000,-385.2,-281.9
2.100,-385.6,-282.0
2.200,-385.7,-281.9
2.300,-386.0,-281.8
2.400,-385.5,-281.2
2.500,-385.8,-281.1
2.600,-385.3,-281.0
2.700,-384.8,-280.9
2.800,-384.3,-280.8
2.900,-384.3,-280.9
3.000,-384.1,-280.9
3.100,-384.4,-280.9
3.200,-384.7,-280.8
3.300,-384.6,-280.2
3.400,-384.6,-280.1
3.500,-384.2,-280.0
3.600,-384.2,-279.9
3.700,-384.3,-280.0
3.800,-384.5,-280.1
3.900,-384.4,-280.0
4.000,-384.2,-280.0
4.100,-384.3,-280.0
4.200,-384.6,-279.9
4.300,-384.8,-279.9
4.400,-384.5,-279.9
4.500,-384.4,-279.9
4.600,-384.4,-279.9
4.700,-384.6,-279.9
4.800,-384.4,-280.0
4.900,-384.7,-280.0
5.000,-384.4,-279.9
5.100,-383.8,-280.0
5.200,-383.4,-279.8
5.300,-383.5,-279.8
5.400,-382.9,-279.8
5.500,-382.4,-279.9
5.600,-382.3,-279.8
5.700,-382.5,-279.1
5.800,-382.4,-279.2
5.900,-382.1,-279.2
6.000,-382.2,-279.2
6.100,-382.6,-279.2
6.200,-382.5,-279.2
6.300,-382.7,-279.1
6.400,-382.5,-279.2
6.500,-382.2,-279.1
6.600,-382.5,-279.1
6.700,-382.5,-279.2
6.800,-382.2,-279.2
6.900,-382.3,-279.1
7.000,-382.0,-279.1
7.100,-382.3,-279.2
7.200,-382.5,-279.2
7.300,-382.5,-279.2
7.400,-382.3,-279.2
7.500,-381.8,-279.2
7.600,-381.6,-279.2
7.700,-381.7,-279.2
7.800,-381.5,-279.2
7.900,-381.4,-279.2
8.000,-381.2,-279.2
8.100,-380.9,-279.2
8.200,-381.2,-279.2
8.300,-381.2,-279.3
8.400,-381.3,-279.2
8.500,-381.5,-279.2
8.600,-381.0,-279.3
8.700,-381.2,-280.0
8.800,-381.1,-280.1
8.900,-381.1,-280.1
9.000,-381.5,-280.1
9.100,-381.2,-280.1
9.200,-381.6,-280.0
9.300,-381.2,-280.1
9.400,-381.3,-280.0
9.500,-381.1,-280.0
9.600,-380.9,-280.0
9.700,-380.7,-280.0
9.800,-380.3,-280.0
9.900,-380.4,-279.9
10.000,-380.2,-280.0
10.100,-380.4,-280.0
10.200,-379.9,-280.0
10.300,-379.6,-280.0
10.400,-379.2,-280.0
10.500,-379.7,-280.0
10.600,-378.9,-280.1
10.700,-378.8,-280.1
10.800,-378.2,-280.0
10.900,-378.6,-280.0
11.000,-378.5,-280.0
11.100,-378.5,-280.1
11.200,-378.6,-280.1
11.300,-378.3,-281.0
11.400,-377.9,-281.0
11.500,-378.1,-281.0
11.600,-378.3,-281.1
11.700,-378.5,-281.1
11.800,-378.4,-281.1
11.900,-378.6,-281.1
12.000,-378.4,-281.1
12.100,-378.5,-281.1
12.200,-378.4,-281.1
12.300,-378.5,-281.1
12.400,-378.2,-281.2
12.500,-378.3,-281.2
12.600,-378.5,-281.2
12.700,-378.3,-281.2
12.800,-378.3,-281.2
12.900,-378.3,-281.2
13.000,-378.6,-281.2
13.100,-378.3,-280.9
13.200,-378.4,-280.9
13.300,-378.0,-280.9
13.400,-377.8,-281.0
13.500,-377.5,-280.9
13.600,-377.7,-281.0
13.700,-377.5,-281.0
13.800,-377.5,-281.0
13.900,-377.4,-281.0
14.000,-377.5,-281.0
14.100,-377.6,-281.0
14.200,-377.4,-281.0
14.300,-377.0,-281.0
14.400,-376.8,-281.0
14.500,-376.7,-281.0
14.600,-376.6,-281.0
14.700,-376.8,-281.1
14.800,-376.4,-281.1
14.900,-376.5,-281.1
15.000,-376.7,-281.1
15.100,-376.7,-281.1
15.200,-376.5,-281.1
15.300,-376.4,-281.1
15.400,-376.5,-281.2
15.500,-376.6,-281.2
15.600,-376.2,-281.2
15.700,-376.8,-281.2
15.800,-376.6,-281.9
15.900,-376.5,-281.9
16.000,-376.7,-282.0
16.100,-376.2,-281.9
16.200,-376.8,-282.0
16.300,-376.4,-282.0
16.400,-376.2,-282.0
16.500,-376.5,-282.1
16.600,-376.7,-282.1
16.700,-376.4,-282.0
16.800,-376.3,-282.1
16.900,-376.4,-282.1
17.000,-376.5,-282.1
17.100,-376.5,-282.1
17.200,-376.2,-282.2
17.300,-376.4,-282.1
17.400,-376.2,-282.2
17.500,-376.7,-282.2
17.600,-376.4,-282.0
17.700,-376.5,-282.0
17.800,-376.2,-282.0
17.900,-376.6,-282.0
18.000,-376.0,-282.0
18.100,-375.8,-282.0
18.200,-375.8,-281.9
18.300,-375.4,-282.0
18.400,-375.4,-282.0
18.500,-375.4,-282.0
18.600,-375.4,-282.1
18.700,-375.0,-282.0
18.800,-375.5,-282.1
18.900,-375.6,-282.1
19.000,-375.0,-282.1
19.100,-374.4,-282.1
19.200,-374.8,-282.2
19.300,-374.3,-282.1
19.400,-374.3,-282.2
19.500,-374.4,-282.2
19.600,-374.5,-282.2
19.700,-374.4,-282.2
19.800,-374.2,-282.1
19.900,-374.4,-282.1
20.000,-374.4,-282.2
20.100,-374.3,-282.3
20.200,-374.7,-282.2
20.300,-374.2,-282.2
20.400,-374.2,-283.1
20.500,-374.7,-283.1
20.600,-373.8,-283.1
20.700,-373.6,-283.1
20.800,-373.6,-283.2
20.900,-373.4,-283.1
21.000,-373.7,-283.1
21.100,-373.7,-282.8
21.200,-373.3,-282.9
21.300,-373.4,-282.9
21.400,-373.7,-282.9
21.500,-373.4,-282.9
21.600,-373.5,-283.0
21.700,-373.6,-283.1
21.800,-373.3,-283.0
21.900,-373.4,-283.1
22.000,-373.4,-283.0
22.100,-373.7,-283.1
22.200,-373.1,-283.1
22.300,-373.8,-283.1
22.400,-373.2,-283.1
22.500,-373.5,-283.1
22.600,-373.4,-283.1
22.700,-373.4,-283.1
22.800,-373.5,-283.2
22.900,-373.5,-283.2
23.000,-373.5,-283.2
23.100,-373.4,-283.2
23.200,-373.5,-283.2
23.300,-373.3,-283.2
23.400,-373.3,-283.2
23.500,-373.6,-283.2
23.600,-373.5,-283.2
23.700,-373.2,-283.3
23.800,-373.7,-283.2
23.900,-373.4,-283.3
24.000,-373.5,-283.3
24.100,-373.4,-283.3
24.200,-373.5,-283.3
24.300,-373.7,-283.3
24.400,-373.5,-283.3
24.500,-373.8,-283.9
24.600,-373.4,-283.9
24.700,-373.6,-283.9
24.800,-373.8,-284.0
24.900,-374.1,-283.9
25.000,-374.4,-284.0
25.100,-374.3,-284.0
25.200,-374.3,-283.9
25.300,-374.4,-283.9
25.400,-374.5,-284.0
25.500,-374.1,-284.0
25.600,-374.5,-284.0
25.700,-374.2,-284.0
25.800,-374.5,-284.0
25.900,-374.4,-284.0
26.000,-373.3,-283.9
26.100,-373.3,-283.9
26.200,-373.2,-283.9
26.300,-373.1,-283.9
26.400,-373.1,-284.0
26.500,-373.2,-283.9
26.600,-373.2,-284.0
26.700,-373.2,-284.0
26.800,-373.2,-284.0
26.900,-373.1,-284.0
27.000,-373.1,-284.0
27.100,-373.1,-284.1
27.200,-373.1,-284.0
27.300,-373.2,-284.1
27.400,-373.2,-284.1
27.500,-373.2,-284.1
27.600,-373.2,-284.1
27.700,-373.1,-284.1
27.800,-373.1,-284.1
27.900,-373.0,-284.1
28.000,-373.1,-284.2
28.100,-373.1,-284.1
28.200,-373.0,-284.1
28.300,-373.1,-284.1
28.400,-373.2,-284.1
28.500,-373.0,-284.3
28.600,-373.1,-284.2
28.700,-373.1,-284.3
28.800,-373.0,-284.2
28.900,-373.1,-284.9
29.000,-373.1,-284.9
29.100,-373.1,-284.9
29.200,-373.1,-285.0
29.300,-373.0,-285.0
29.400,-373.1,-285.0
29.500,-373.2,-285.0
29.600,-372.9,-285.0
29.700,-372.6,-285.0
29.800,-372.5,-285.0
29.900,-372.1,-285.0
30.000,-372.4,-285.1
30.100,-372.1,-285.1
30.200,-372.3,-285.1
30.300,-372.1,-285.1
30.400,-372.3,-285.1
30.500,-372.1,-285.1
30.600,-372.1,-285.1
30.700,-372.2,-284.7
30.800,-372.1,-284.9
30.900,-372.2,-284.8
31.000,-372.1,-284.9
31.100,-372.2,-284.9
31.200,-372.1,-284.9
31.300,-372.1,-284.8
31.400,-372.1,-284.9
31.500,-372.0,-284.9
31.600,-372.1,-284.9
31.700,-372.0,-285.0
31.800,-372.1,-285.0
31.900,-372.0,-285.0
32.000,-371.9,-285.0
32.100,-372.0,-285.0
32.200,-372.0,-285.1
32.300,-372.0,-285.1
32.400,-372.1,-285.2
32.500,-372.1,-285.1
32.600,-372.0,-285.1
32.700,-371.9,-285.1
32.800,-372.0,-285.1
32.900,-372.0,-285.2
33.000,-372.0,-285.2
33.100,-372.0,-285.2
33.200,-371.5,-285.3
33.300,-371.5,-285.3
33.400,-371.4,-285.3
33.500,-371.3,-285.3
33.600,-371.3,-285.2
33.700,-371.3,-285.3
33.800,-371.3,-285.3
33.900,-371.4,-285.3
34.000,-371.1,-285.3
34.100,-371.3,-285.3
34.200,-371.1,-285.3
34.300,-371.1,-285.4
34.400,-371.3,-285.5
34.500,-371.2,-285.4
34.600,-371.3,-285.4
34.700,-371.1,-285.4
34.800,-371.2,-285.4
34.900,-371.1,-285.9
35.000,-371.3,-285.6
35.100,-371.3,-285.7
35.200,-371.2,-285.7
35.300,-371.2,-285.8
35.400,-371.3,-285.8
35.500,-371.1,-285.8
35.600,-371.1,-285.8
35.700,-371.2,-285.8
35.800,-371.2,-285.8
35.900,-371.1,-285.8
36.000,-371.1,-285.9
36.100,-371.1,-285.9
36.200,-371.0,-285.9
36.300,-371.3,-285.9
36.400,-371.1,-285.9
36.500,-371.1,-285.9
36.600,-371.0,-285.9
36.700,-371.1,-285.9
36.800,-370.9,-285.9
36.900,-371.1,-286.0
37.000,-371.1,-286.0
37.100,-371.2,-286.0
37.200,-371.0,-286.0
37.300,-371.0,-286.0
37.400,-371.0,-286.0
37.500,-371.0,-286.1
37.600,-370.9,-286.1
37.700,-370.4,-286.1
37.800,-370.5,-286.1
37.900,-371.1,-286.1
38.000,-371.1,-286.1
38.100,-370.6,-286.2
38.200,-370.5,-286.2
38.300,-370.4,-286.2
38.400,-370.4,-286.2
38.500,-370.5,-286.2
38.600,-370.6,-286.3
38.700,-370.3,-286.3
38.800,-370.3,-286.3
38.900,-370.2,-286.3
39.000,-370.3,-286.3
39.100,-370.3,-286.3
39.200,-370.3,-286.3
39.300,-370.4,-286.4
39.400,-370.5,-286.4
39.500,-370.3,-286.4
39.600,-370.3,-286.4
39.700,-370.4,-286.4
39.800,-370.4,-286.9
39.900,-370.3,-286.9
40.000,-370.3,-286.9
40.100,-370.2,-286.8
40.200,-370.3,-286.6
40.300,-370.3,-286.7
40.400,-370.2,-286.7
40.500,-370.2,-286.7
40.600,-370.2,-286.8
40.700,-370.3,-286.8
40.800,-370.2,-286.7
40.900,-370.1,-286.8
41.000,-370.3,-286.8
41.100,-370.2,-286.8
41.200,-370.1,-286.8
41.300,-370.2,-286.8
41.400,-370.1,-286.8
41.500,-370.1,-286.9
41.600,-370.3,-286.9
41.700,-370.1,-286.9
41.800,-370.0,-286.9
41.900,-370.1,-286.9
42.000,-370.1,-286.9
42.100,-370.1,-286.9
42.200,-370.2,-287.0
42.300,-370.2,-287.0
42.400,-370.1,-287.0
42.500,-370.1,-287.0
42.600,-370.1,-287.1
42.700,-370.0,-287.1
42.800,-369.6,-287.1
42.900,-369.5,-287.1
43.000,-369.5,-287.1
43.100,-369.4,-287.2
43.200,-369.5,-287.2
43.300,-369.4,-287.2
43.400,-369.3,-287.2
43.500,-369.4,-287.2
43.600,-369.3,-287.3
43.700,-369.3,-287.2
43.800,-369.4,-287.3
43.900,-369.4,-287.3
44.000,-369.5,-287.3
44.100,-369.5,-287.3
44.200,-369.3,-287.3
44.300,-369.3,-287.3
44.400,-369.3,-287.4
44.500,-369.6,-287.3
44.600,-369.4,-287.4
44.700,-369.4,-287.4
44.800,-369.2,-287.8
44.900,-369.3,-287.8
45.000,-369.3,-287.9
45.100,-369.5,-287.8
45.200,-369.3,-287.8
45.300,-369.2,-287.9
45.400,-369.4,-287.9
45.500,-369.4,-287.9
45.600,-369.4,-287.8
45.700,-369.2,-287.9
45.800,-369.2,-287.7
45.900,-369.5,-287.9
46.000,-369.3,-287.9
46.100,-369.3,-288.0
46.200,-369.3,-287.8
46.300,-369.3,-287.9
46.400,-369.5,-287.8
46.500,-369.2,-287.8
46.600,-369.1,-287.9
46.700,-369.1,-287.9
46.800,-369.3,-287.9
46.900,-369.2,-288.0
47.000,-369.3,-288.0
47.100,-369.2,-288.0
47.200,-369.2,-287.9
47.300,-369.3,-288.0
47.400,-369.2,-287.9
47.500,-369.3,-288.0
47.600,-369.2,-288.0
47.700,-369.2,-288.0
47.800,-369.3,-288.0
47.900,-369.1,-288.0
48.000,-369.2,-288.0
48.100,-369.3,-288.1
48.200,-369.2,-288.1
48.300,-369.3,-288.0
48.400,-369.2,-288.1
48.500,-369.1,-288.1
48.600,-369.3,-288.1
48.700,-369.1,-288.0
48.800,-369.3,-288.1
48.900,-369.3,-288.2
49.000,-369.2,-288.1
49.100,-369.2,-288.1
49.200,-369.3,-288.2
49.300,-369.1,-288.2
49.400,-369.1,-288.2
49.500,-369.2,-288.2
49.600,-369.2,-288.2
49.700,-369.2,-288.2
49.800,-369.3,-288.2
49.900,-369.3,-288.2
50.000,-369.2,-288.3
50.100,-369.2,-288.2
50.200,-369.4,-288.3
50.300,-369.2,-288.2
50.400,-369.2,-288.3
50.500,-369.3,-288.3
50.600,-369.3,-288.3
50.700,-369.3,-288.7
50.800,-369.1,-288.9
50.900,-369.3,-288.8
51.000,-369.2,-288.9
51.100,-369.2,-288.8
51.200,-369.0,-288.9
51.300,-369.3,-288.9
51.400,-369.3,-288.9
51.500,-369.1,-289.0
51.600,-369.1,-288.9
51.700,-369.3,-288.8
51.800,-369.2,-288.9
51.900,-369.2,-288.8
52.000,-369.2,-288.9
52.100,-369.3,-288.8
52.200,-369.2,-288.9
52.300,-369.3,-288.9
52.400,-369.2,-288.9
52.500,-369.3,-288.9
52.600,-369.2,-288.9
52.700,-369.1,-288.9
52.800,-369.3,-288.9
52.900,-369.1,-289.0
53.000,-369.2,-288.9
53.100,-369.3,-289.0
53.200,-369.2,-288.9
53.300,-369.2,-289.0
53.400,-369.2,-288.9
53.500,-369.3,-289.0
53.600,-369.2,-289.0
53.700,-369.1,-289.1
53.800,-369.1,-289.1
53.900,-369.2,-289.1
54.000,-369.0,-289.1
54.100,-369.1,-289.1
54.200,-369.0,-289.1
54.300,-369.1,-289.1
54.400,-369.2,-289.1
54.500,-369.2,-289.1
54.600,-369.1,-289.1
54.700,-369.2,-289.2
54.800,-369.3,-289.2
54.900,-369.1,-289.2
55.000,-369.2,-289.2
55.100,-369.3,-289.2
55.200,-369.3,-289.2
55.300,-369.2,-289.2
55.400,-369.1,-289.2
55.500,-369.1,-289.4
55.600,-369.1,-289.6
55.700,-369.1,-289.7
55.800,-369.2,-289.8
55.900,-369.0,-289.9
56.000,-369.1,-289.8
56.100,-369.2,-289.9
56.200,-369.0,-289.9
56.300,-369.0,-289.9
56.400,-369.2,-290.0
56.500,-368.9,-289.9
56.600,-369.1,-290.0
56.700,-369.1,-289.9
56.800,-369.2,-289.9
56.900,-369.6,-289.9
57.000,-369.5,-289.9
57.100,-369.3,-290.0
57.200,-369.2,-290.0
57.300,-369.3,-289.9
57.400,-369.3,-290.0
57.500,-369.2,-290.0
57.600,-369.1,-290.1
57.700,-369.1,-290.0
57.800,-369.1,-290.0
57.900,-368.9,-290.1
58.000,-368.9,-290.1
58.100,-368.9,-290.1
58.200,-368.9,-290.2
58.300,-368.6,-290.2
58.400,-368.4,-290.2
58.500,-368.0,-290.3
58.600,-368.1,-290.8
58.700,-367.5,-291.0
58.800,-367.5,-291.1
58.900,-367.2,-291.1
59.000,-367.5,-291.1
59.100,-367.5,-290.9
59.200,-367.5,-290.8
59.300,-367.6,-291.0
59.400,-368.0,-290.9
59.500,-368.0,-291.0
59.600,-368.0,-291.0
59.700,-368.1,-290.9
59.800,-368.1,-291.0
59.900,-368.2,-291.0
60.000,-368.1,-291.0
60.100,-368.1,-291.0
60.200,-368.1,-291.0
60.300,-368.2,-291.0
60.400,-368.1,-291.0
60.500,-368.1,-291.1
60.600,-368.0,-291.0
60.700,-368.1,-291.0
60.800,-368.2,-291.0
60.900,-368.1,-291.0
61.000,-368.1,-291.0
61.100,-368.2,-291.1
61.200,-368.3,-291.0
61.300,-368.0,-291.0
61.400,-368.2,-291.1
61.500,-368.1,-291.1
61.600,-368.2,-291.1
61.700,-368.0,-291.1
61.800,-368.0,-291.0
61.900,-368.1,-291.1
62.000,-368.1,-291.1
62.100,-368.1,-291.1
62.200,-368.1,-291.1
62.300,-368.2,-291.1
62.400,-367.9,-291.1
62.500,-368.1,-291.1
62.600,-368.0,-291.1
62.700,-368.1,-291.1
62.800,-368.1,-291.1
62.900,-368.1,-291.1
63.000,-368.0,-291.1
63.100,-368.0,-291.2
63.200,-368.1,-291.2
63.300,-368.0,-291.1
63.400,-368.1,-291.1
63.500,-367.9,-291.2
63.600,-367.9,-291.1
63.700,-368.1,-291.1
63.800,-368.1,-291.1
63.900,-368.0,-291.2
64.000,-367.9,-291.2
64.100,-368.0,-291.1
64.200,-368.1,-291.2
64.300,-368.1,-291.2
64.400,-367.9,-291.2
64.500,-368.0,-291.2
64.600,-368.0,-291.2
64.700,-368.0,-291.1
64.800,-368.0,-291.2
64.900,-368.1,-291.2
65.000,-368.0,-291.2
65.100,-368.0,-291.2
65.200,-368.0,-291.3
65.300,-367.9,-291.2
65.400,-368.2,-291.3
65.500,-368.0,-291.2
65.600,-367.9,-291.3
65.700,-368.0,-291.2
65.800,-368.0,-291.2
65.900,-367.9,-291.3
66.000,-368.0,-291.3
66.100,-367.6,-291.3
66.200,-367.5,-291.3
66.300,-367.9,-291.3
66.400,-367.6,-291.3
66.500,-367.5,-291.3
66.600,-367.5,-291.3
66.700,-367.4,-291.3
66.800,-367.4,-291.3
66.900,-367.5,-291.3
67.000,-367.3,-291.3
67.100,-367.3,-291.3
67.200,-367.4,-291.3
67.300,-367.5,-291.3
67.400,-367.4,-291.4
67.500,-367.4,-291.3
67.600,-367.3,-291.4
67.700,-367.4,-291.4
67.800,-367.2,-291.4
67.900,-367.4,-291.4
68.000,-367.4,-291.7
68.100,-367.3,-292.0
68.200,-367.5,-292.1
68.300,-367.2,-292.0
68.400,-367.4,-292.1
68.500,-367.3,-292.1
68.600,-367.3,-292.1
68.700,-367.5,-292.1
68.800,-367.3,-292.1
68.900,-367.4,-292.1
69.000,-367.3,-292.1
69.100,-367.3,-292.1
69.200,-367.5,-292.1
69.300,-367.3,-292.2
69.400,-367.3,-292.1
69.500,-367.2,-292.2
69.600,-367.2,-292.2
69.700,-367.3,-292.1
69.800,-367.3,-292.1
69.900,-367.3,-292.2
70.000,-367.5,-292.1
70.100,-367.3,-292.2
70.200,-367.4,-292.2
70.300,-367.3,-292.2
70.400,-367.3,-292.3
70.500,-367.2,-292.2
70.600,-367.2,-292.2
70.700,-367.4,-292.2
70.800,-367.3,-292.2
70.900,-367.3,-292.3
71.000,-367.2,-292.2
71.100,-367.2,-292.2
71.200,-367.4,-292.3
71.300,-367.3,-292.2
71.400,-367.3,-292.2
71.500,-367.4,-292.2
71.600,-367.4,-292.2
71.700,-367.5,-292.2
71.800,-367.3,-292.2
71.900,-367.4,-292.2
72.000,-367.3,-292.2
72.100,-367.4,-292.2
72.200,-367.3,-292.2
72.300,-367.3,-292.3
72.400,-367.3,-292.2
72.500,-367.3,-292.3
72.600,-367.4,-292.3
72.700,-367.1,-292.3
72.800,-367.3,-292.3
72.900,-367.4,-292.3
73.000,-367.3,-292.3
73.100,-367.5,-292.3
73.200,-367.3,-292.3
73.300,-367.1,-292.3
73.400,-367.4,-292.3
73.500,-367.3,-292.4
73.600,-367.4,-292.3
73.700,-367.5,-292.4
73.800,-367.3,-292.3
73.900,-367.2,-292.4
74.000,-367.3,-292.3
74.100,-367.4,-292.4
74.200,-367.6,-292.6
74.300,-367.4,-292.8
74.400,-367.2,-293.0
74.500,-367.1,-293.0
74.600,-367.2,-293.0
74.700,-367.2,-293.0
74.800,-367.3,-293.0
74.900,-367.4,-293.0
75.000,-367.2,-293.1
75.100,-367.2,-293.0
75.200,-367.2,-293.0
75.300,-367.4,-293.1
75.400,-367.1,-293.0
75.500,-367.2,-293.0
75.600,-367.2,-293.1
75.700,-367.3,-293.0
75.800,-367.3,-293.1
75.900,-367.2,-293.0
76.000,-367.2,-293.1
76.100,-367.3,-293.1
76.200,-367.2,-293.1
76.300,-367.2,-293.0
76.400,-367.1,-293.1
76.500,-367.2,-293.1
76.600,-367.2,-293.1
76.700,-367.2,-293.1
76.800,-367.4,-293.1
76.900,-367.1,-293.1
77.000,-367.2,-293.1
77.100,-367.1,-293.2
77.200,-367.0,-293.2
77.300,-367.2,-293.2
77.400,-367.3,-293.1
77.500,-367.0,-293.2
77.600,-367.0,-293.3
77.700,-367.2,-293.2
77.800,-367.0,-293.2
77.900,-367.1,-293.3
78.000,-367.0,-293.2
78.100,-367.1,-293.2
78.200,-367.1,-293.2
78.300,-367.1,-293.2
78.400,-367.1,-293.2
78.500,-367.1,-293.2
78.600,-367.1,-293.2
78.700,-367.1,-293.3
78.800,-367.1,-293.3
78.900,-367.0,-293.3
79.000,-367.2,-293.3
79.100,-367.1,-293.3
79.200,-367.2,-293.3
79.300,-367.1,-293.3
79.400,-367.0,-293.3
79.500,-367.1,-293.3
79.600,-367.0,-293.3
79.700,-367.1,-293.3
79.800,-367.1,-293.4
79.900,-366.9,-293.2
80.000,-367.2,-293.3
80.100,-367.0,-293.4
80.200,-367.1,-293.2
80.300,-366.9,-293.3
80.400,-366.9,-293.4
80.500,-366.5,-293.3
80.600,-366.5,-293.4
80.700,-366.5,-293.4
80.800,-366.3,-293.3
80.900,-366.5,-293.4
81.000,-366.5,-293.3
81.100,-366.4,-293.4
81.200,-366.5,-293.4
81.300,-366.5,-293.4
81.400,-366.4,-293.4
81.500,-366.3,-293.8
81.600,-366.3,-293.6
81.700,-366.1,-293.6
81.800,-366.5,-294.0
81.900,-366.6,-294.0
82.000,-366.3,-293.9
82.100,-366.4,-293.9
82.200,-366.3,-294.0
82.300,-366.4,-293.9
82.400,-366.2,-294.0
82.500,-366.4,-294.0
82.600,-366.3,-293.9
82.700,-366.3,-294.0
82.800,-366.5,-293.9
82.900,-366.2,-294.0
83.000,-366.2,-294.0
83.100,-366.4,-294.0
83.200,-366.2,-294.0
83.300,-366.3,-294.0
83.400,-366.5,-294.0
83.500,-366.2,-294.0
83.600,-366.2,-294.0
83.700,-366.3,-294.0
83.800,-366.3,-294.0
83.900,-366.3,-294.1
84.000,-366.2,-294.1
84.100,-366.2,-294.0
84.200,-366.4,-294.0
84.300,-366.4,-294.0
84.400,-366.2,-294.0
84.500,-366.3,-294.1
84.600,-366.4,-294.0
84.700,-366.2,-294.0
84.800,-366.3,-294.1
84.900,-366.4,-294.0
85.000,-366.1,-294.1
85.100,-366.1,-294.1
85.200,-366.3,-294.1
85.300,-366.2,-294.1
85.400,-366.2,-294.1
85.500,-366.4,-294.1
85.600,-366.4,-294.1
85.700,-366.2,-294.1
85.800,-366.1,-294.2
85.900,-366.2,-294.1
86.000,-366.3,-294.2
86.100,-366.3,-294.1
86.200,-366.3,-294.1
86.300,-366.2,-294.1
86.400,-366.2,-294.2
86.500,-366.3,-294.2
86.600,-366.2,-294.2
86.700,-366.2,-294.2
86.800,-366.3,-294.1
86.900,-366.1,-294.2
87.000,-366.3,-294.2
87.100,-366.2,-294.2
87.200,-366.3,-294.2
87.300,-366.2,-294.2
87.400,-366.0,-294.2
87.500,-366.2,-294.3
87.600,-366.3,-294.2
87.700,-366.2,-294.2
87.800,-366.1,-294.2
87.900,-366.1,-294.3
88.000,-366.3,-294.3
88.100,-366.2,-294.2
88.200,-366.2,-294.2
88.300,-366.1,-294.3
88.400,-366.3,-294.3
88.500,-366.3,-294.3
88.600,-366.2,-294.3
88.700,-366.2,-294.3
88.800,-366.0,-294.3
88.900,-366.1,-294.3
89.000,-366.1,-294.3
89.100,-366.2,-294.3
89.200,-366.2,-294.3
89.300,-366.1,-294.3
89.400,-366.1,-294.3
89.500,-366.2,-294.3
89.600,-366.2,-294.4
89.700,-366.2,-294.3
89.800,-366.2,-294.4
89.900,-366.1,-294.4
90.000,-366.2,-294.3
90.100,-366.3,-294.3
90.200,-366.2,-294.5
90.300,-366.0,-294.5
90.400,-366.0,-294.6
90.500,-366.3,-294.5
90.600,-366.1,-294.6
90.700,-366.2,-294.5
90.800,-366.2,-294.6
90.900,-365.9,-294.6
91.000,-366.1,-294.5
91.100,-366.1,-294.6
91.200,-366.1,-294.5
91.300,-366.1,-294.6
91.400,-366.0,-294.6
91.500,-366.0,-294.6
91.600,-365.9,-294.6
91.700,-366.0,-294.5
91.800,-366.1,-294.6
91.900,-365.5,-294.7
92.000,-365.5,-294.6
92.100,-365.4,-294.6
92.200,-365.9,-294.6
92.300,-365.5,-294.7
92.400,-365.9,-294.7
92.500,-365.9,-294.7
92.600,-366.0,-294.6
92.700,-366.1,-294.6
92.800,-366.0,-294.6
92.900,-365.5,-294.6
93.000,-365.4,-294.7
93.100,-365.6,-294.6
93.200,-365.4,-294.6
93.300,-365.4,-294.7
93.400,-365.5,-294.5
93.500,-365.4,-294.6
93.600,-365.5,-294.7
93.700,-365.4,-294.7
93.800,-365.5,-294.7
93.900,-365.4,-294.6
94.000,-365.5,-294.6
94.100,-365.3,-294.7
94.200,-365.3,-294.7
94.300,-365.3,-294.6
94.400,-365.4,-294.6
94.500,-365.4,-294.7
94.600,-365.4,-294.7
94.700,-365.4,-294.7
94.800,-365.5,-294.6
94.900,-365.4,-294.7
95.000,-365.4,-294.7
95.100,-365.4,-294.7
95.200,-365.4,-294.7
95.300,-365.3,-294.7
95.400,-365.3,-294.7
95.500,-365.4,-294.7
95.600,-365.5,-294.7
95.700,-365.4,-294.7
95.800,-365.4,-294.7
95.900,-365.3,-294.7
96.000,-365.5,-294.7
96.100,-365.5,-294.7
96.200,-365.2,-294.8
96.300,-365.4,-294.7
96.400,-365.4,-294.7
96.500,-365.3,-294.7
96.600,-365.3,-294.7
96.700,-365.4,-294.7
96.800,-365.4,-294.7
96.900,-365.4,-294.7
97.000,-365.4,-294.8
97.100,-365.4,-294.7
97.200,-365.3,-294.8
97.300,-365.4,-294.7
97.400,-365.2,-295.1
97.500,-365.3,-295.6
97.600,-365.2,-295.6
97.700,-365.4,-295.6
97.800,-365.5,-295.7
97.900,-365.4,-295.6
98.000,-365.2,-295.6
98.100,-365.2,-295.7
98.200,-365.4,-295.7
98.300,-365.4,-295.6
98.400,-365.2,-295.6
98.500,-365.3,-295.6
98.600,-365.3,-295.7
98.700,-365.4,-295.6
98.800,-365.3,-295.7
98.900,-365.1,-295.6
99.000,-365.4,-295.6
99.100,-365.2,-295.6
99.200,-365.4,-295.7
99.300,-365.4,-295.5
99.400,-365.3,-295.7
99.500,-365.2,-295.7
99.600,-365.3,-295.8
99.700,-365.2,-295.6
99.800,-365.4,-295.7
99.900,-365.3,-295.8
100.000,-365.2,-295.6
100.100,-365.4,-295.7
100.200,-365.3,-295.3
100.300,-365.3,-295.6
100.400,-365.3,-295.7
100.500,-365.3,-295.6
100.600,-365.2,-295.6
100.700,-365.3,-295.6
100.800,-365.2,-295.6
100.900,-365.2,-295.7
101.000,-365.4,-295.7
101.100,-365.3,-295.6
101.200,-365.3,-295.6
101.300,-365.2,-295.7
101.400,-365.4,-295.7
101.500,-365.3,-295.6
101.600,-365.3,-295.7
101.700,-365.2,-295.7
101.800,-365.2,-295.7
101.900,-365.3,-295.6
102.000,-365.4,-295.7
102.100,-365.1,-295.7
102.200,-365.2,-295.6
102.300,-365.2,-295.7
102.400,-365.1,-295.7
102.500,-365.3,-295.7
102.600,-365.4,-295.7
102.700,-365.3,-295.7
102.800,-365.2,-295.7
102.900,-365.4,-295.7
103.000,-365.3,-295.7
103.100,-365.2,-295.7
103.200,-365.3,-295.7
103.300,-365.2,-295.8
103.400,-365.2,-295.7
103.500,-365.3,-295.7
103.600,-365.2,-295.7
103.700,-365.2,-295.8
103.800,-365.3,-295.7
103.900,-365.2,-295.7
104.000,-365.3,-295.7
104.100,-365.3,-295.7
104.200,-365.3,-295.7
104.300,-365.2,-295.7
104.400,-365.3,-295.7
104.500,-365.2,-295.7
104.600,-365.1,-295.8
104.700,-365.2,-295.8
104.800,-365.2,-295.8
104.900,-365.3,-295.8
105.000,-365.2,-295.8
105.100,-365.3,-295.7
105.200,-365.3,-295.8
105.300,-365.2,-295.9
105.400,-365.2,-296.1
105.500,-365.4,-296.4
105.600,-365.2,-296.5
105.700,-365.3,-296.5
105.800,-365.2,-296.5
105.900,-365.1,-296.6
106.000,-365.3,-296.6
106.100,-365.3,-296.6
106.200,-365.2,-296.5
106.300,-365.2,-296.5
106.400,-365.2,-296.5
106.500,-365.3,-296.5
106.600,-365.2,-296.6
106.700,-365.2,-296.6
106.800,-365.1,-296.5
106.900,-365.1,-296.5
107.000,-365.1,-296.6
107.100,-365.1,-296.6
107.200,-365.1,-296.6
107.300,-365.1,-296.5
107.400,-365.2,-296.5
107.500,-365.3,-296.5
107.600,-365.3,-296.6
107.700,-365.2,-296.6
107.800,-365.3,-296.5
107.900,-365.2,-296.6
108.000,-365.0,-296.6
108.100,-365.2,-296.7
108.200,-365.2,-296.6
108.300,-365.2,-296.6
108.400,-365.2,-296.5
108.500,-365.2,-296.7
108.600,-365.2,-296.7
108.700,-365.2,-296.5
108.800,-365.2,-296.6
108.900,-365.1,-296.6
109.000,-365.1,-296.7
109.100,-365.2,-296.6
109.200,-365.1,-296.7
109.300,-365.2,-296.6
109.400,-365.1,-296.6
109.500,-365.3,-296.6
109.600,-365.2,-296.6
109.700,-365.1,-296.6
109.800,-365.1,-296.6
109.900,-365.2,-296.6
110.000,-365.1,-296.6
110.100,-365.1,-296.7
110.200,-365.1,-296.7
110.300,-365.3,-296.7
110.400,-365.2,-296.6
110.500,-365.1,-296.7
110.600,-365.2,-296.6
110.700,-365.1,-296.7
110.800,-365.1,-296.7
110.900,-365.1,-296.7
111.000,-365.1,-296.7
111.100,-365.2,-296.7
111.200,-365.2,-296.7
111.300,-365.2,-296.6
111.400,-365.1,-296.7
111.500,-365.1,-296.7
111.600,-365.1,-296.7
111.700,-365.1,-296.7
111.800,-365.2,-296.7
111.900,-365.1,-296.8
112.000,-365.0,-296.7
112.100,-365.1,-296.7
112.200,-365.1,-296.7
112.300,-365.2,-296.7
112.400,-365.0,-296.8
112.500,-365.1,-296.7
112.600,-365.1,-296.8
112.700,-365.0,-296.8
112.800,-365.1,-296.7
112.900,-365.1,-296.7
113.000,-365.2,-296.8
113.100,-365.0,-296.7
113.200,-364.9,-296.8
113.300,-365.1,-296.8
113.400,-365.2,-296.8
113.500,-365.1,-296.8
113.600,-365.1,-296.7
113.700,-365.1,-296.8
113.800,-365.1,-296.8
113.900,-365.2,-296.7
114.000,-365.1,-296.8
114.100,-365.1,-296.7
114.200,-364.9,-296.8
114.300,-365.1,-296.8
114.400,-365.0,-296.8
114.500,-365.0,-296.8
114.600,-365.1,-296.8
114.700,-365.1,-296.8
114.800,-365.1,-296.8
114.900,-365.0,-296.8
115.000,-365.0,-296.9
115.100,-365.1,-297.4
115.200,-365.1,-297.6
115.300,-365.0,-297.6
115.400,-365.0,-297.8
115.500,-365.0,-297.6
115.600,-365.1,-297.7
115.700,-365.0,-297.8
115.800,-365.1,-297.7
115.900,-365.1,-297.7
116.000,-365.1,-297.8
116.100,-365.1,-297.6
116.200,-365.0,-297.7
116.300,-365.1,-297.6
116.400,-365.0,-297.7
116.500,-364.9,-297.7
116.600,-365.1,-297.7
116.700,-365.0,-297.7
116.800,-365.0,-297.7
116.900,-365.0,-297.7
117.000,-365.0,-297.7
117.100,-364.9,-297.6
117.200,-365.0,-297.7
117.300,-364.4,-297.7
117.400,-364.5,-297.8
117.500,-364.3,-297.7
117.600,-364.4,-297.8
117.700,-364.3,-297.7
117.800,-364.2,-297.7
117.900,-364.4,-297.7
118.000,-364.5,-297.8
118.100,-364.3,-297.7
118.200,-364.4,-297.8
118.300,-364.3,-297.8
118.400,-364.3,-297.7
118.500,-364.3,-297.8
118.600,-364.4,-297.7
118.700,-364.3,-297.6
118.800,-364.4,-297.8
118.900,-364.4,-297.7
119.000,-364.3,-297.8
119.100,-364.4,-297.7
119.200,-364.5,-297.8
119.300,-364.3,-297.7
119.400,-364.5,-297.8
119.500,-364.2,-297.8
119.600,-364.3,-297.7
119.700,-364.4,-297.8
119.800,-364.4,-297.8
119.900,-364.4,-297.8
120.000,-364.3,-297.8
120.100,-364.4,-297.7
120.200,-364.3,-297.8
120.300,-364.4,-297.7
120.400,-364.3,-297.8
120.500,-364.4,-297.8
120.600,-364.3,-297.8
120.700,-364.3,-297.8
120.800,-364.3,-297.7
120.900,-364.3,-297.8
121.000,-364.3,-297.8
121.100,-364.3,-297.8
121.200,-364.5,-297.7
121.300,-364.4,-297.8
121.400,-364.3,-298.0
121.500,-364.4,-298.6
121.600,-364.3,-298.9
121.700,-364.4,-299.3
121.800,-364.2,-299.3
121.900,-364.2,-299.3
122.000,-364.4,-299.5
122.100,-364.3,-299.5
122.200,-364.3,-299.4
122.300,-364.3,-299.5
122.400,-364.4,-299.3
122.500,-364.3,-299.3
122.600,-364.3,-299.6
122.700,-364.4,-299.5
122.800,-364.4,-299.5
122.900,-364.3,-299.3
123.000,-364.4,-299.5
123.100,-364.3,-299.6
123.200,-364.3,-299.4
123.300,-364.3,-299.6
123.400,-364.4,-299.5
123.500,-364.3,-299.4
123.600,-364.3,-299.6
123.700,-364.3,-299.5
123.800,-364.3,-299.7
123.900,-364.3,-299.7
124.000,-364.2,-299.5
124.100,-364.4,-299.5
124.200,-364.3,-299.5
124.300,-364.4,-299.4
124.400,-364.4,-299.5
124.500,-364.3,-299.7
124.600,-364.3,-299.7
124.700,-364.5,-299.5
124.800,-364.2,-299.4
124.900,-364.5,-299.6
125.000,-364.3,-299.8
125.100,-364.2,-300.0
125.200,-364.3,-300.1
125.300,-364.2,-300.2
125.400,-364.3,-300.2
125.500,-364.4,-300.2
125.600,-364.3,-300.2
125.700,-364.4,-300.2
125.800,-364.3,-300.0
125.900,-364.3,-300.3
126.000,-364.2,-300.4
126.100,-364.2,-300.3
126.200,-364.2,-300.4
126.300,-364.1,-300.5
126.400,-364.3,-300.3
126.500,-364.2,-300.3
126.600,-364.1,-300.4
126.700,-364.4,-300.4
126.800,-364.3,-300.3
126.900,-364.3,-300.2
127.000,-364.1,-300.2
127.100,-364.3,-300.2
127.200,-364.3,-300.6
127.300,-364.4,-300.3
127.400,-364.2,-300.4
127.500,-364.1,-300.2
127.600,-364.3,-300.3
127.700,-364.2,-300.3
127.800,-364.2,-300.4
127.900,-364.5,-300.2
128.000,-364.3,-300.1
128.100,-364.1,-300.2
128.200,-364.5,-300.3
128.300,-364.1,-300.3
128.400,-364.3,-300.4
128.500,-364.3,-300.3
128.600,-364.1,-300.5
128.700,-364.2,-300.5
128.800,-364.2,-300.5
128.900,-364.3,-300.6
129.000,-364.2,-300.5
129.100,-364.3,-300.5
129.200,-364.3,-300.4
129.300,-364.1,-300.3
129.400,-364.4,-300.4
129.500,-364.2,-300.4
129.600,-364.3,-300.3
129.700,-364.1,-300.4
129.800,-364.3,-300.4
129.900,-364.2,-300.4
130.000,-364.5,-300.4
130.100,-364.2,-300.6
130.200,-364.2,-300.6
130.300,-364.2,-300.6
130.400,-364.1,-300.6
130.500,-364.2,-300.6
130.600,-364.2,-300.6
130.700,-364.2,-300.4
130.800,-364.3,-300.5
130.900,-364.1,-300.6
131.000,-364.2,-300.7
131.100,-364.2,-300.6
131.200,-364.3,-300.8
131.300,-364.2,-300.6
131.400,-364.2,-300.4
131.500,-364.2,-300.9
131.600,-364.1,-300.8
131.700,-364.2,-300.8
131.800,-364.2,-300.6
131.900,-364.3,-300.5
132.000,-364.2,-300.7
132.100,-364.1,-300.5
132.200,-364.2,-300.6
132.300,-364.2,-300.7
132.400,-364.2,-300.4
132.500,-364.2,-300.7
132.600,-364.2,-300.6
132.700,-364.4,-300.5
132.800,-364.2,-300.6
132.900,-364.1,-300.5
133.000,-364.2,-300.8
133.100,-364.2,-300.5
133.200,-364.2,-300.6
133.300,-364.1,-300.8
133.400,-364.2,-300.7
133.500,-364.4,-300.8
133.600,-364.0,-300.8
133.700,-364.1,-300.7
133.800,-364.1,-300.5
133.900,-364.3,-300.7
134.000,-364.1,-300.7
134.100,-364.2,-300.7
134.200,-364.2,-300.6
134.300,-364.4,-300.8
134.400,-364.0,-300.6
134.500,-364.3,-300.5
134.600,-364.2,-300.7
134.700,-364.3,-300.5
134.800,-364.1,-300.7
134.900,-364.3,-300.9
135.000,-364.3,-301.0
135.100,-364.1,-301.3
135.200,-364.2,-301.3
135.300,-364.2,-301.4
135.400,-364.1,-301.2
135.500,-364.2,-301.4
135.600,-364.1,-301.3
135.700,-364.2,-301.2
135.800,-364.3,-301.3
135.900,-364.2,-301.4
136.000,-364.3,-301.2
136.100,-364.1,-301.6
136.200,-364.1,-301.2
136.300,-364.2,-301.4
136.400,-364.2,-301.4
136.500,-364.2,-301.3
136.600,-364.2,-301.4
136.700,-364.3,-301.3
136.800,-364.1,-301.6
136.900,-364.2,-301.3
137.000,-364.2,-301.3
137.100,-364.2,-301.6
137.200,-364.2,-301.5
137.300,-364.3,-301.4
137.400,-364.1,-301.4
137.500,-364.3,-301.4
137.600,-364.2,-301.3
137.700,-364.3,-301.4
137.800,-364.1,-301.1
137.900,-364.2,-301.2
138.000,-364.2,-301.4
138.100,-364.1,-301.5
138.200,-364.1,-301.7
138.300,-364.3,-301.4
138.400,-364.0,-301.5
138.500,-364.1,-301.6
138.600,-364.2,-301.4
138.700,-364.2,-301.7
138.800,-364.1,-301.4
138.900,-364.3,-301.4
139.000,-364.0,-301.5
139.100,-364.3,-301.4
139.200,-364.1,-301.4
139.300,-364.0,-301.6
139.400,-364.2,-301.4
139.500,-364.2,-301.6
139.600,-364.3,-301.5
139.700,-364.1,-301.6
139.800,-364.2,-301.5
139.900,-364.2,-301.6
140.000,-364.1,-301.4
140.100,-364.2,-301.6
140.200,-364.3,-301.6
140.300,-364.2,-301.5
140.400,-364.1,-301.7
140.500,-364.2,-301.5
140.600,-364.1,-301.6
140.700,-364.2,-301.5
140.800,-364.1,-301.5
140.900,-364.4,-301.5
141.000,-364.2,-301.6
141.100,-364.3,-301.5
141.200,-364.3,-301.5
141.300,-364.4,-301.7
141.400,-364.0,-301.6
141.500,-364.0,-301.6
141.600,-364.2,-301.6
141.700,-364.3,-301.6
141.800,-364.2,-301.6
141.900,-364.1,-301.6
142.000,-364.1,-301.7
142.100,-364.1,-301.6
142.200,-364.1,-301.5
142.300,-364.2,-301.6
142.400,-364.2,-301.9
142.500,-364.1,-302.0
142.600,-364.2,-302.2
142.700,-364.2,-302.1
142.800,-364.1,-302.4
142.900,-364.1,-302.0
143.000,-364.1,-302.4
143.100,-364.1,-302.3
143.200,-364.1,-302.1
143.300,-364.2,-302.3
143.400,-364.2,-302.3
143.500,-364.1,-302.3
143.600,-364.1,-302.2
143.700,-364.1,-302.4
143.800,-364.3,-302.4
143.900,-364.0,-302.3
144.000,-364.2,-308.0
144.100,-364.2,-308.3
144.200,-364.1,-308.4
144.300,-364.3,-308.2
144.400,-364.1,-308.5
144.500,-364.2,-308.4
144.600,-364.0,-308.2
144.700,-364.1,-308.5
144.800,-364.2,-308.3
144.900,-364.1,-308.3
145.000,-364.2,-308.1
145.100,-363.9,-308.4
145.200,-364.2,-308.1
145.300,-364.2,-308.3
145.400,-364.2,-308.3
145.500,-364.2,-308.2
145.600,-364.3,-308.3
145.700,-364.1,-308.2
145.800,-364.2,-308.5
145.900,-364.2,-308.2
146.000,-364.0,-308.2
146.100,-364.2,-308.4
146.200,-364.2,-308.3
146.300,-364.1,-308.5
146.400,-364.3,-308.4
146.500,-364.1,-308.4
146.600,-364.2,-308.2
146.700,-364.1,-308.3
146.800,-364.2,-308.2
146.900,-364.1,-308.5
147.000,-364.1,-308.3
147.100,-364.2,-308.4
147.200,-364.1,-308.4
147.300,-364.1,-308.3
147.400,-364.1,-308.4
147.500,-364.1,-308.5
147.600,-364.1,-308.5
147.700,-364.0,-308.4
147.800,-364.1,-308.5
147.900,-364.3,-308.1
148.000,-364.2,-308.4
148.100,-364.1,-308.4
148.200,-364.3,-308.3
148.300,-364.2,-308.4
148.400,-364.0,-308.4
148.500,-364.3,-308.4
148.600,-364.2,-308.7
148.700,-364.1,-308.5
148.800,-364.1,-308.4
148.900,-363.9,-308.5
149.000,-364.2,-308.4
149.100,-364.0,-308.7
149.200,-364.2,-308.5
149.300,-364.0,-308.7
149.400,-363.9,-308.6
149.500,-364.1,-308.5
149.600,-364.1,-308.4
149.700,-364.1,-308.5
149.800,-364.1,-308.5
149.900,-364.1,-308.7
150.000,-364.2,-308.6
150.100,-364.1,-308.6
150.200,-364.1,-308.5
150.300,-364.1,-308.5
150.400,-364.0,-308.6
150.500,-364.1,-308.6
150.600,-364.1,-308.6
150.700,-364.0,-308.6
150.800,-364.1,-308.7
150.900,-364.2,-308.5
151.000,-364.0,-308.6
151.100,-364.1,-308.6
151.200,-364.1,-308.6
151.300,-364.1,-308.6
151.400,-364.2,-308.6
151.500,-364.1,-308.8
151.600,-364.1,-308.7
151.700,-364.2,-308.5
151.800,-364.1,-308.7
151.900,-363.9,-308.6
152.000,-364.3,-308.6
152.100,-364.2,-308.7
152.200,-364.0,-308.7
152.300,-364.0,-308.6
152.400,-364.0,-308.6
152.500,-364.1,-308.7
152.600,-364.0,-308.8
152.700,-364.2,-308.9
152.800,-364.2,-308.6
152.900,-364.0,-309.0
153.000,-364.1,-309.3
153.100,-364.2,-309.1
153.200,-364.1,-309.3
153.300,-364.0,-309.4
153.400,-364.1,-309.3
153.500,-364.2,-309.3
153.600,-364.1,-309.4
153.700,-364.0,-309.2
153.800,-364.0,-309.5
153.900,-364.1,-309.5
154.000,-364.0,-309.1
154.100,-363.9,-309.2
154.200,-364.1,-309.5
154.300,-364.0,-309.5
154.400,-364.1,-309.7
154.500,-364.0,-309.5
154.600,-364.0,-309.7
154.700,-364.0,-309.3
154.800,-364.0,-309.6
154.900,-364.1,-309.5
155.000,-364.0,-309.5
155.100,-364.1,-309.5
155.200,-364.0,-309.6
155.300,-364.1,-309.5
155.400,-363.7,-309.4
155.500,-363.4,-309.5
155.600,-363.5,-309.7
155.700,-363.4,-309.6
155.800,-363.6,-309.7
155.900,-363.4,-309.2
156.000,-363.7,-309.6
156.100,-363.4,-309.4
156.200,-363.5,-309.6
156.300,-363.4,-309.7
156.400,-363.3,-309.6
156.500,-363.5,-309.7
156.600,-363.4,-309.6
156.700,-363.3,-309.8
156.800,-363.4,-309.6
156.900,-363.3,-309.9
157.000,-363.5,-309.8
157.100,-363.4,-309.8
157.200,-363.4,-309.7
157.300,-363.3,-309.7
157.400,-363.2,-309.7
157.500,-363.4,-309.8
157.600,-363.4,-309.8
157.700,-363.5,-309.7
157.800,-363.3,-309.8
157.900,-363.2,-309.8
158.000,-363.4,-309.7
158.100,-363.4,-309.9
158.200,-363.2,-309.9
158.300,-363.3,-309.8
158.400,-363.4,-309.7
158.500,-363.2,-309.8
158.600,-363.4,-309.8
158.700,-363.4,-309.9
158.800,-363.3,-310.0
158.900,-363.4,-310.1
159.000,-363.4,-310.6
159.100,-363.4,-310.4
159.200,-363.3,-310.4
159.300,-363.2,-310.2
159.400,-363.4,-310.5
159.500,-363.4,-310.4
159.600,-363.4,-310.5
159.700,-363.3,-310.5
159.800,-363.3,-310.4
159.900,-363.4,-310.6
160.000,-363.3,-310.5
160.100,-363.3,-310.5
160.200,-363.4,-310.6
160.300,-363.5,-310.5
160.400,-363.2,-310.5
160.500,-363.4,-310.6
160.600,-363.3,-310.6
160.700,-363.2,-310.5
160.800,-363.2,-310.4
160.900,-363.2,-310.6
161.000,-363.3,-310.4
161.100,-363.5,-310.6
161.200,-363.3,-310.6
161.300,-363.4,-310.4
161.400,-363.2,-310.6
161.500,-363.2,-310.6
161.600,-363.3,-310.5
161.700,-363.3,-310.6
161.800,-363.3,-310.7
161.900,-363.2,-310.6
162.000,-363.2,-310.5
162.100,-363.2,-310.6
162.200,-363.2,-310.6
162.300,-363.4,-310.5
162.400,-363.3,-310.6
162.500,-363.3,-310.7
162.600,-363.3,-310.6
162.700,-363.2,-310.5
162.800,-363.2,-310.7
162.900,-363.3,-310.6
163.000,-363.4,-310.7
163.100,-363.3,-310.5
163.200,-363.3,-310.8
163.300,-363.3,-310.7
163.400,-363.2,-310.7
163.500,-363.2,-310.6
163.600,-363.2,-310.6
163.700,-363.2,-310.7
163.800,-363.2,-310.8
163.900,-363.2,-310.6
164.000,-363.1,-310.6
164.100,-363.3,-310.7
164.200,-363.3,-310.6
164.300,-363.2,-310.6
164.400,-363.2,-310.7
164.500,-363.2,-310.7
164.600,-363.3,-310.7
164.700,-363.2,-310.6
164.800,-363.2,-310.6
164.900,-363.3,-310.7
165.000,-363.3,-310.6
165.100,-363.3,-310.8
165.200,-363.2,-310.8
165.300,-363.3,-310.7
165.400,-363.1,-310.6
165.500,-363.3,-310.9
165.600,-363.2,-311.0
165.700,-363.2,-310.9
165.800,-363.4,-310.9
165.900,-363.3,-310.7
166.000,-363.3,-310.8
166.100,-363.2,-310.8
166.200,-363.1,-310.9
166.300,-363.2,-310.7
166.400,-363.2,-310.9
166.500,-363.2,-311.1
166.600,-363.2,-310.9
166.700,-363.3,-310.8
166.800,-363.2,-311.0
166.900,-363.2,-310.8
167.000,-363.4,-311.0
167.100,-363.2,-311.2
167.200,-363.2,-311.3
167.300,-363.3,-311.6
167.400,-363.1,-311.5
167.500,-363.3,-311.6
167.600,-363.2,-311.5
167.700,-363.2,-311.7
167.800,-363.3,-311.5
167.900,-363.2,-311.5
168.000,-363.2,-311.4
168.100,-363.2,-311.8
168.200,-363.2,-311.5
168.300,-363.2,-311.6
168.400,-363.2,-311.4
168.500,-363.2,-311.6
168.600,-363.2,-311.7
168.700,-363.2,-311.6
168.800,-363.3,-311.5
168.900,-363.1,-311.9
169.000,-363.2,-311.6
169.100,-363.3,-311.5
169.200,-363.2,-311.5
169.300,-363.1,-311.7
169.400,-363.2,-311.6
169.500,-363.2,-311.6
169.600,-363.1,-311.5
169.700,-363.1,-311.7
169.800,-363.2,-311.7
169.900,-363.2,-311.6
170.000,-363.0,-311.8
170.100,-363.1,-311.4
170.200,-363.1,-311.8
170.300,-363.2,-311.9
170.400,-363.1,-311.6
170.500,-363.2,-311.6
170.600,-363.1,-312.1
170.700,-363.1,-312.5
170.800,-363.2,-312.4
170.900,-363.1,-312.3
171.000,-363.3,-312.5
171.100,-363.0,-312.4
171.200,-363.1,-312.3
171.300,-363.2,-312.3
171.400,-363.1,-312.5
171.500,-363.1,-312.5
171.600,-363.2,-312.6
171.700,-363.1,-312.6
171.800,-363.2,-312.4
171.900,-363.2,-312.7
172.000,-363.1,-312.7
172.100,-363.1,-312.4
172.200,-363.0,-312.3
172.300,-363.2,-312.4
172.400,-363.2,-312.5
172.500,-363.1,-312.4
172.600,-363.2,-312.7
172.700,-363.1,-312.4
172.800,-363.1,-312.4
172.900,-363.2,-312.7
173.000,-363.2,-312.6
173.100,-363.1,-312.6
173.200,-363.1,-312.6
173.300,-363.0,-312.4
173.400,-363.3,-312.6
173.500,-363.1,-312.5
173.600,-363.0,-312.4
173.700,-363.1,-312.6
173.800,-363.3,-312.5
173.900,-363.0,-312.4
174.000,-363.2,-312.6
174.100,-363.0,-312.4
174.200,-363.1,-312.6
174.300,-363.1,-312.5
174.400,-363.2,-312.5
174.500,-363.0,-312.7
174.600,-363.2,-312.4
174.700,-363.2,-312.7
174.800,-363.0,-312.6
174.900,-363.1,-312.4
175.000,-363.2,-312.5
175.100,-363.2,-312.6
175.200,-363.1,-312.5
175.300,-363.2,-312.6
175.400,-363.1,-312.6
175.500,-363.1,-312.6
175.600,-363.1,-312.5
175.700,-363.1,-312.6
175.800,-363.1,-312.5
175.900,-363.1,-312.5
176.000,-363.1,-312.4
176.100,-363.1,-312.7
176.200,-363.1,-312.5
176.300,-363.2,-312.6
176.400,-363.2,-312.8
176.500,-363.2,-312.4
176.600,-363.0,-312.8
176.700,-363.1,-312.3
176.800,-363.2,-312.9
176.900,-363.1,-312.8
177.000,-363.1,-312.4
177.100,-363.0,-312.6
177.200,-363.2,-312.6
177.300,-363.2,-312.7
177.400,-363.3,-312.7
177.500,-363.1,-312.5
177.600,-363.0,-312.7
177.700,-363.0,-312.7
177.800,-363.1,-312.7
177.900,-363.0,-312.8
178.000,-363.1,-312.5
178.100,-363.1,-312.8
178.200,-363.1,-312.8
178.300,-363.1,-312.7
178.400,-363.2,-312.6
178.500,-363.1,-312.7
178.600,-363.1,-313.3
178.700,-363.0,-313.4
178.800,-363.1,-313.5
178.900,-363.0,-313.4
179.000,-363.1,-313.4
179.100,-363.0,-313.3
179.200,-363.1,-313.4
179.300,-363.1,-313.6
179.400,-363.0,-313.6
179.500,-363.0,-313.4
179.600,-363.1,-313.7
179.700,-363.0,-313.6
179.800,-363.1,-313.6
179.900,-362.9,-313.6
180.000,-363.1,-314.2
180.100,-363.1,-313.8
180.200,-363.0,-314.3
180.300,-363.0,-314.6
180.400,-363.1,-314.4
180.500,-363.1,-314.7
180.600,-363.0,-314.6
180.700,-363.1,-314.5
180.800,-363.1,-314.4
180.900,-363.1,-314.6
181.000,-363.1,-314.6
181.100,-363.0,-314.6
181.200,-363.0,-314.5
181.300,-363.1,-314.5
181.400,-363.0,-314.5
181.500,-363.0,-314.5
181.600,-363.1,-314.7
181.700,-363.2,-314.4
181.800,-363.0,-314.5
181.900,-363.1,-314.6
182.000,-363.1,-314.6
182.100,-362.9,-314.5
182.200,-363.1,-314.6
182.300,-363.1,-314.7
182.400,-363.1,-314.5
182.500,-363.1,-314.5
182.600,-363.1,-314.7
182.700,-363.0,-314.5
182.800,-363.0,-314.5
182.900,-363.0,-314.7
183.000,-363.0,-314.7
183.100,-363.0,-314.6
183.200,-363.1,-314.6
183.300,-363.0,-314.7
183.400,-363.1,-314.7
183.500,-363.1,-314.4
183.600,-363.2,-314.8
183.700,-363.1,-314.7
183.800,-363.0,-314.8
183.900,-363.1,-314.7
184.000,-362.9,-314.6
184.100,-362.9,-314.6
184.200,-363.2,-314.7
184.300,-363.0,-314.6
184.400,-363.0,-314.7
184.500,-362.9,-314.6
184.600,-363.1,-314.7
184.700,-363.0,-314.7
184.800,-363.0,-314.8
184.900,-363.1,-314.7
185.000,-363.1,-314.8
185.100,-362.5,-314.9
185.200,-362.4,-314.7
185.300,-362.4,-314.6
185.400,-362.4,-314.8
185.500,-362.4,-314.7
185.600,-362.4,-314.7
185.700,-362.5,-314.9
185.800,-362.4,-314.6
185.900,-362.3,-314.9
186.000,-362.3,-314.7
186.100,-362.4,-314.7
186.200,-362.4,-314.7
186.300,-362.4,-314.6
186.400,-362.5,-314.8
186.500,-362.4,-315.1
186.600,-362.4,-315.4
186.700,-362.4,-315.4
186.800,-362.3,-315.5
186.900,-362.2,-315.3
187.000,-362.3,-315.4
187.100,-362.3,-315.6
187.200,-362.4,-315.4
187.300,-362.4,-315.6
187.400,-362.3,-315.5
187.500,-362.5,-315.6
187.600,-362.3,-315.5
187.700,-362.4,-315.5
187.800,-362.4,-315.5
187.900,-362.4,-315.5
188.000,-362.4,-315.3
188.100,-362.4,-315.4
188.200,-362.4,-315.7
188.300,-362.3,-315.6
188.400,-362.4,-315.4
188.500,-362.4,-315.5
188.600,-362.4,-315.6
188.700,-362.4,-315.6
188.800,-362.2,-315.5
188.900,-362.5,-315.7
189.000,-362.4,-315.6
189.100,-362.4,-315.4
189.200,-362.3,-315.5
189.300,-362.5,-315.5
189.400,-362.5,-315.4
189.500,-362.4,-315.7
189.600,-362.5,-315.5
189.700,-362.4,-315.4
189.800,-362.3,-315.5
189.900,-362.4,-315.7
190.000,-362.3,-315.7
190.100,-362.3,-315.6
190.200,-362.3,-315.6
190.300,-362.4,-315.6
190.400,-362.4,-315.7
190.500,-362.4,-315.5
190.600,-362.4,-315.3
190.700,-362.5,-315.6
190.800,-362.5,-315.4
190.900,-362.5,-315.6
191.000,-362.5,-315.6
191.100,-362.5,-315.6
191.200,-362.5,-315.7
191.300,-362.3,-315.6
191.400,-362.4,-315.5
191.500,-362.4,-315.7
191.600,-362.3,-315.7
191.700,-362.3,-315.8
191.800,-362.4,-315.6
191.900,-362.2,-315.8
192.000,-362.5,-315.6
192.100,-362.4,-315.7
192.200,-362.5,-315.8
192.300,-362.4,-315.5
192.400,-362.3,-315.6
192.500,-362.4,-315.9
192.600,-362.3,-315.6
192.700,-362.3,-315.6
192.800,-362.3,-315.6
192.900,-362.2,-315.6
193.000,-362.3,-315.8
193.100,-362.5,-315.6
193.200,-362.5,-315.8
193.300,-362.3,-315.7
193.400,-362.4,-315.7
193.500,-362.3,-316.2
193.600,-362.3,-316.2
193.700,-362.3,-315.9
193.800,-362.3,-316.2
193.900,-362.3,-316.3
194.000,-362.3,-316.3
194.100,-362.3,-316.5
194.200,-362.3,-316.5
194.300,-362.2,-316.4
194.400,-362.3,-316.5
194.500,-362.2,-316.3
194.600,-362.3,-316.4
194.700,-362.5,-316.4
194.800,-362.4,-316.5
194.900,-362.2,-316.5
195.000,-362.4,-316.6
195.100,-362.2,-316.4
195.200,-362.4,-316.6
195.300,-362.2,-316.3
195.400,-362.4,-316.5
195.500,-362.4,-316.7
195.600,-362.2,-316.4
195.700,-362.3,-316.4
195.800,-362.3,-316.5
195.900,-362.4,-316.6
196.000,-362.3,-316.5
196.100,-362.4,-316.7
196.200,-362.3,-316.3
196.300,-362.2,-316.3
196.400,-362.2,-316.4
196.500,-362.3,-316.6
196.600,-362.3,-316.6
196.700,-362.2,-316.4
196.800,-362.3,-316.5
196.900,-362.2,-316.4
197.000,-362.4,-316.5
197.100,-362.3,-316.6
197.200,-362.2,-316.4
197.300,-362.3,-316.5
197.400,-362.3,-316.4
197.500,-362.4,-316.4
197.600,-362.4,-316.6
197.700,-362.4,-316.6
197.800,-362.4,-316.5
197.900,-362.3,-316.4
198.000,-362.3,-316.5
198.100,-362.4,-316.6
198.200,-362.4,-316.5
198.300,-362.4,-316.7
198.400,-362.3,-316.6
198.500,-362.3,-316.2
198.600,-362.2,-316.6
198.700,-362.5,-316.4
198.800,-362.5,-316.5
198.900,-362.2,-316.7
199.000,-362.5,-316.3
199.100,-362.3,-316.5
199.200,-362.2,-316.4
199.300,-362.3,-316.5
199.400,-362.5,-316.7
199.500,-362.4,-316.4
199.600,-362.4,-316.7
199.700,-362.4,-316.7
199.800,-362.5,-316.4
199.900,-362.2,-316.6
200.000,-362.3,-316.5
200.100,-362.4,-316.8
200.200,-362.5,-316.5
200.300,-362.5,-316.6
200.400,-362.5,-316.3
200.500,-362.6,-316.4
200.600,-362.3,-316.2
200.700,-362.4,-316.9
200.800,-362.6,-316.5
200.900,-362.3,-316.3
201.000,-362.4,-316.7
201.100,-362.5,-316.7
201.200,-362.4,-316.8
201.300,-362.3,-316.4
201.400,-362.3,-316.3
201.500,-362.6,-316.7
201.600,-362.4,-316.7
201.700,-362.5,-316.4
201.800,-362.4,-316.6
201.900,-362.3,-316.7
202.000,-362.4,-316.8
202.100,-362.3,-316.7
202.200,-362.4,-316.6
202.300,-362.4,-316.6
202.400,-362.4,-316.7
202.500,-362.5,-316.4
202.600,-362.4,-316.6
202.700,-362.6,-316.5
202.800,-362.5,-316.6
202.900,-362.4,-316.6
203.000,-362.5,-316.9
203.100,-362.5,-316.5
203.200,-362.4,-316.5
203.300,-362.3,-316.7
203.400,-362.3,-316.7
203.500,-362.4,-317.1
203.600,-362.3,-317.0
203.700,-362.4,-317.0
203.800,-362.3,-317.3
203.900,-362.2,-317.1
204.000,-362.3,-317.3
204.100,-362.4,-317.5
204.200,-362.4,-317.3
204.300,-362.2,-317.5
204.400,-362.3,-317.3
204.500,-362.3,-317.6
204.600,-362.2,-317.6
204.700,-362.3,-317.6
204.800,-362.3,-317.5
204.900,-362.3,-317.1
205.000,-362.3,-317.4
205.100,-362.4,-317.4
205.200,-362.3,-317.3
205.300,-362.5,-317.4
205.400,-362.3,-317.5
205.500,-362.2,-317.2
205.600,-362.2,-317.7
205.700,-362.3,-317.5
205.800,-362.3,-317.6
205.900,-362.2,-317.6
206.000,-362.2,-317.5
206.100,-362.2,-317.8
206.200,-362.3,-317.0
206.300,-362.3,-317.4
206.400,-362.3,-317.5
206.500,-362.3,-317.4
206.600,-362.4,-317.4
206.700,-362.2,-317.5
206.800,-362.4,-317.3
206.900,-362.2,-317.5
207.000,-362.4,-317.5
207.100,-362.2,-317.6
207.200,-362.4,-317.5
207.300,-362.3,-317.6
207.400,-362.2,-317.4
207.500,-362.4,-317.4
207.600,-362.4,-317.8
207.700,-362.3,-317.5
207.800,-362.3,-317.5
207.900,-362.3,-317.5
208.000,-362.3,-317.5
208.100,-362.3,-317.6
208.200,-362.2,-317.9
208.300,-362.4,-317.1
208.400,-362.3,-317.8
208.500,-362.1,-317.7
208.600,-362.4,-317.5
208.700,-362.3,-317.7
208.800,-362.3,-317.4
208.900,-362.3,-317.5
209.000,-362.4,-317.9
209.100,-362.3,-317.5
209.200,-362.3,-317.4
209.300,-362.1,-317.7
209.400,-362.5,-317.7
209.500,-362.3,-317.5
209.600,-362.3,-317.7
209.700,-362.3,-317.7
209.800,-362.3,-317.6
209.900,-362.3,-317.7
210.000,-362.3,-317.7
210.100,-362.2,-317.8
210.200,-362.3,-317.8
210.300,-362.4,-317.6
210.400,-362.3,-317.6
210.500,-362.1,-317.9
210.600,-362.3,-317.7
210.700,-362.2,-317.5
210.800,-362.2,-317.9
210.900,-362.4,-317.6
211.000,-362.3,-317.8
211.100,-362.2,-317.7
211.200,-362.3,-317.7
211.300,-362.2,-317.9
211.400,-362.2,-317.5
211.500,-362.3,-317.8
211.600,-362.4,-317.7
211.700,-362.1,-317.6
211.800,-362.3,-317.8
211.900,-362.2,-318.1
212.000,-362.1,-317.8
212.100,-362.3,-317.9
212.200,-362.2,-317.8
212.300,-362.1,-317.9
212.400,-362.3,-317.7
212.500,-362.2,-317.8
212.600,-362.3,-317.8
212.700,-362.3,-317.6
212.800,-362.2,-317.8
212.900,-362.2,-317.9
213.000,-362.4,-317.7
213.100,-362.3,-317.7
213.200,-362.2,-317.6
213.300,-362.3,-317.8
213.400,-362.2,-318.0
213.500,-362.3,-317.7
213.600,-362.2,-317.8
213.700,-362.2,-317.8
213.800,-362.2,-317.7
213.900,-362.3,-317.7
214.000,-362.2,-318.1
214.100,-362.2,-318.2
214.200,-362.2,-318.5
214.300,-362.3,-318.6
214.400,-362.3,-318.3
214.500,-362.3,-318.3
214.600,-362.1,-318.4
214.700,-362.3,-318.3
214.800,-362.2,-318.4
214.900,-362.2,-318.5
215.000,-362.1,-318.6
215.100,-362.3,-318.4
215.200,-362.2,-318.5
215.300,-362.2,-318.7
215.400,-362.2,-318.5
215.500,-362.1,-318.5
215.600,-362.3,-318.6
215.700,-362.2,-318.4
215.800,-362.1,-318.6
215.900,-362.2,-318.6
216.000,-362.3,-318.5
216.100,-362.0,-318.6
216.200,-362.3,-318.5
216.300,-362.2,-318.6
216.400,-362.1,-318.5
216.500,-362.3,-318.8
216.600,-362.1,-318.5
216.700,-362.2,-318.4
216.800,-362.1,-318.7
216.900,-362.2,-318.5
217.000,-362.1,-318.7
217.100,-362.1,-318.5
217.200,-362.2,-318.5
217.300,-362.2,-318.6
217.400,-362.1,-318.6
217.500,-362.1,-318.7
217.600,-362.1,-318.5
217.700,-362.2,-318.6
217.800,-362.2,-318.7
217.900,-362.1,-318.5
218.000,-362.2,-318.5
218.100,-362.2,-318.6
218.200,-362.2,-318.7
218.300,-362.1,-318.6
218.400,-362.2,-318.5
218.500,-362.2,-318.6
218.600,-362.2,-318.5
218.700,-362.3,-318.7
218.800,-362.2,-318.6
218.900,-362.3,-318.5
219.000,-362.2,-318.5
219.100,-362.2,-318.7
219.200,-362.1,-318.5
219.300,-362.4,-318.8
219.400,-362.2,-318.6
219.500,-362.1,-318.7
219.600,-362.2,-318.8
219.700,-362.3,-318.8
219.800,-362.2,-318.6
219.900,-362.2,-318.6
220.000,-362.1,-318.8
220.100,-362.2,-318.8
220.200,-362.2,-318.8
220.300,-362.3,-318.8
220.400,-362.3,-318.7
220.500,-362.3,-318.4
220.600,-362.2,-318.6
220.700,-362.3,-318.6
220.800,-362.3,-318.6
220.900,-362.4,-318.7
221.000,-362.1,-318.8
221.100,-362.3,-318.6
221.200,-362.3,-318.7
221.300,-362.2,-318.7
221.400,-362.3,-318.6
221.500,-362.3,-318.9
221.600,-362.2,-318.9
221.700,-362.2,-318.7
221.800,-362.4,-318.6
221.900,-362.2,-318.9
222.000,-362.3,-318.8
222.100,-362.2,-318.7
222.200,-362.2,-318.7
222.300,-362.2,-319.1
222.400,-362.2,-319.2
222.500,-362.1,-319.2
222.600,-362.1,-319.5
222.700,-362.2,-319.6
222.800,-362.1,-319.5
222.900,-362.1,-319.5
223.000,-362.2,-319.6
223.100,-362.0,-319.5
223.200,-362.1,-319.6
223.300,-362.2,-319.6
223.400,-362.1,-319.5
223.500,-362.1,-319.4
223.600,-362.2,-319.8
223.700,-362.1,-319.6
223.800,-362.1,-319.8
223.900,-362.1,-319.5
224.000,-362.2,-319.8
224.100,-362.0,-319.5
224.200,-362.1,-319.8
224.300,-362.0,-319.9
224.400,-362.1,-319.7
224.500,-362.0,-319.6
224.600,-362.0,-319.7
224.700,-362.0,-319.7
224.800,-362.1,-319.8
224.900,-362.0,-319.7
225.000,-361.9,-319.8
225.100,-362.2,-319.6
225.200,-361.9,-320.2
225.300,-362.0,-320.4
225.400,-362.1,-320.5
225.500,-362.0,-320.2
225.600,-362.0,-320.4
225.700,-361.9,-320.3
225.800,-362.0,-320.5
225.900,-362.0,-320.4
226.000,-362.0,-320.5
226.100,-362.1,-320.5
226.200,-361.9,-320.6
226.300,-361.9,-320.5
226.400,-362.1,-320.3
226.500,-361.9,-320.7
226.600,-362.2,-320.4
226.700,-362.1,-320.6
226.800,-362.0,-320.4
226.900,-362.1,-320.1
227.000,-362.3,-320.5
227.100,-362.1,-320.2
227.200,-362.3,-320.3
227.300,-362.0,-320.5
227.400,-362.3,-320.6
227.500,-362.1,-320.4
227.600,-362.2,-320.2
227.700,-362.1,-320.6
227.800,-362.1,-320.5
227.900,-362.1,-320.6
228.000,-362.0,-320.6
228.100,-362.1,-320.4
228.200,-362.1,-320.5
228.300,-362.2,-320.5
228.400,-362.1,-320.6
228.500,-362.2,-320.3
228.600,-361.9,-320.6
228.700,-362.0,-320.4
228.800,-362.0,-320.5
228.900,-362.0,-320.5
229.000,-362.0,-320.5
229.100,-362.0,-320.5
229.200,-362.0,-320.4
229.300,-362.0,-320.6
229.400,-362.1,-320.3
229.500,-362.1,-320.5
229.600,-362.1,-320.7
229.700,-362.1,-320.5
229.800,-362.0,-320.7
229.900,-362.1,-320.4
230.000,-362.0,-320.6
230.100,-362.1,-320.5
230.200,-362.1,-320.6
230.300,-362.1,-320.8
230.400,-362.1,-320.6
230.500,-362.1,-320.6
230.600,-362.3,-320.6
230.700,-362.1,-320.3
230.800,-362.2,-320.5
230.900,-362.3,-320.2
231.000,-362.2,-320.8
231.100,-362.2,-320.4
231.200,-362.1,-320.4
231.300,-362.2,-320.5
231.400,-362.1,-320.9
231.500,-362.0,-320.7
231.600,-362.3,-320.6
231.700,-362.0,-320.7
231.800,-362.1,-320.7
231.900,-362.3,-320.4
232.000,-362.1,-320.8
232.100,-362.3,-320.6
232.200,-362.0,-320.7
232.300,-362.2,-320.5
232.400,-362.1,-320.7
232.500,-362.2,-320.7
232.600,-362.1,-320.6
232.700,-362.2,-320.6
232.800,-362.3,-320.5
232.900,-362.1,-320.7
233.000,-362.2,-320.7
233.100,-362.3,-320.6
233.200,-362.2,-320.5
233.300,-362.2,-320.6
233.400,-362.1,-320.4
233.500,-362.3,-320.6
233.600,-362.3,-320.5
233.700,-362.3,-320.8
233.800,-362.2,-320.4
233.900,-362.3,-320.6
234.000,-362.2,-320.6
234.100,-362.2,-320.7
234.200,-362.2,-320.5
234.300,-362.3,-320.5
234.400,-362.5,-320.5
234.500,-362.2,-320.7
234.600,-362.2,-320.6
234.700,-362.3,-320.7
234.800,-362.4,-320.9
234.900,-362.4,-320.6
235.000,-362.2,-320.4
235.100,-362.2,-320.7
235.200,-362.3,-320.6
235.300,-362.2,-320.9
235.400,-362.3,-320.7
235.500,-362.1,-320.6
235.600,-362.4,-320.5
235.700,-362.1,-320.7
235.800,-362.2,-320.8
235.900,-362.3,-320.6
236.000,-362.4,-320.9
236.100,-362.3,-320.7
236.200,-362.5,-320.6
236.300,-362.5,-320.4
236.400,-362.3,-320.6
236.500,-362.7,-320.4
236.600,-362.3,-320.8
236.700,-362.5,-320.5
236.800,-362.3,-320.6
236.900,-362.4,-320.6
237.000,-362.3,-320.6
237.100,-362.3,-320.6
237.200,-362.4,-320.7
237.300,-362.2,-320.8
237.400,-362.4,-320.5
237.500,-362.4,-320.6
237.600,-362.3,-320.4
237.700,-362.4,-320.5
237.800,-362.3,-320.6
237.900,-362.4,-320.7
238.000,-362.3,-320.7
238.100,-362.2,-320.6
238.200,-362.3,-320.8
238.300,-362.5,-320.7
238.400,-362.4,-320.7
238.500,-362.5,-320.7
238.600,-362.5,-320.4
238.700,-362.4,-320.5
238.800,-362.7,-320.6
238.900,-362.7,-320.4
239.000,-362.4,-320.7
239.100,-362.5,-320.4
239.200,-362.5,-320.6
239.300,-362.6,-320.4
239.400,-362.2,-320.9
239.500,-362.4,-321.1
239.600,-362.4,-321.3
239.700,-362.3,-321.2
239.800,-362.2,-321.1
239.900,-362.4,-321.5
240.000,-362.5,-321.3
240.100,-362.3,-321.2
240.200,-362.3,-321.3
240.300,-362.2,-321.3
240.400,-362.5,-321.8
240.500,-362.3,-321.5
240.600,-362.4,-321.2
240.700,-362.3,-321.2
240.800,-362.4,-321.6
240.900,-362.3,-321.3
241.000,-362.2,-321.3
241.100,-362.4,-321.5
241.200,-362.4,-322.0
241.300,-362.2,-321.7
241.400,-362.3,-321.5
241.500,-362.3,-321.3
241.600,-362.5,-321.5
241.700,-362.2,-321.4
241.800,-362.5,-321.9
241.900,-362.4,-321.2
242.000,-362.3,-321.1
242.100,-362.4,-321.4
242.200,-362.4,-321.5
242.300,-362.3,-321.6
242.400,-362.5,-321.4
242.500,-362.5,-321.3
242.600,-362.6,-321.4
242.700,-362.3,-321.8
242.800,-362.3,-321.5
242.900,-362.4,-321.7
243.000,-362.3,-321.5
243.100,-362.5,-321.5
243.200,-362.2,-321.7
243.300,-362.2,-321.6
243.400,-362.3,-321.4
243.500,-362.4,-321.8
243.600,-362.3,-321.8
243.700,-362.3,-321.5
243.800,-362.3,-321.8
243.900,-362.3,-321.8
244.000,-362.2,-321.2
244.100,-362.2,-322.0
244.200,-362.1,-322.3
244.300,-362.1,-322.6
244.400,-362.0,-322.4
244.500,-362.3,-322.6
244.600,-362.1,-322.2
244.700,-362.3,-321.9
244.800,-362.3,-322.3
244.900,-362.2,-321.9
245.000,-362.3,-321.8
245.100,-362.4,-321.9
245.200,-362.5,-321.6
245.300,-362.5,-321.4
245.400,-362.5,-321.6
245.500,-362.7,-321.1
245.600,-362.6,-321.6
245.700,-362.4,-321.6
245.800,-362.4,-321.6
245.900,-362.4,-321.8
246.000,-362.2,-321.9
246.100,-362.3,-321.6
246.200,-362.2,-322.2
246.300,-362.2,-321.9
246.400,-362.3,-321.8
246.500,-362.1,-322.2
246.600,-362.2,-322.2
246.700,-362.1,-322.4
246.800,-362.2,-322.5
246.900,-362.2,-322.7
247.000,-362.4,-322.8
247.100,-362.3,-322.6
247.200,-362.3,-322.2
247.300,-362.2,-322.1
247.400,-362.3,-322.5
247.500,-362.3,-322.2
247.600,-362.3,-322.8
247.700,-362.1,-322.7
247.800,-362.2,-322.6
247.900,-362.1,-322.5
248.000,-362.3,-322.5
248.100,-362.0,-322.5
248.200,-362.1,-322.5
248.300,-362.1,-322.8
248.400,-362.2,-322.6
248.500,-362.2,-322.6
248.600,-362.3,-322.8
248.700,-361.9,-322.8
248.800,-361.9,-322.6
248.900,-362.2,-323.2
249.000,-362.0,-323.1
249.100,-362.2,-323.0
249.200,-362.2,-323.2
249.300,-362.0,-322.9
249.400,-362.2,-323.4
249.500,-362.1,-323.5
249.600,-362.3,-323.0
249.700,-362.0,-323.5
249.800,-362.2,-323.2
249.900,-362.1,-322.9
250.000,-362.0,-322.9
250.100,-362.2,-323.0
250.200,-362.0,-323.4
250.300,-362.3,-323.0
250.400,-362.2,-323.1
250.500,-362.0,-323.4
250.600,-362.0,-323.1
250.700,-362.2,-323.7
250.800,-362.2,-322.8
250.900,-362.2,-322.9
251.000,-362.1,-322.9
251.100,-362.2,-322.9
251.200,-362.1,-322.9
251.300,-362.3,-322.4
251.400,-361.9,-322.7
251.500,-362.1,-322.5
251.600,-361.8,-322.6
251.700,-362.0,-322.8
251.800,-361.9,-322.8
251.900,-362.1,-322.9
252.000,-361.8,-322.7
252.100,-361.9,-322.7
252.200,-362.0,-322.8
252.300,-362.0,-322.4
252.400,-361.9,-322.5
252.500,-361.9,-322.5
252.600,-361.8,-323.1
252.700,-361.9,-322.9
252.800,-361.9,-322.9
252.900,-362.0,-322.5
253.000,-362.0,-322.7
253.100,-361.8,-322.6
253.200,-361.9,-322.6
253.300,-361.8,-322.6
253.400,-362.1,-322.3
253.500,-362.0,-322.8
253.600,-362.1,-322.5
253.700,-362.0,-322.8
253.800,-362.0,-322.5
253.900,-362.2,-322.3
254.000,-362.2,-322.0
254.100,-362.0,-322.2
254.200,-362.2,-322.3
254.300,-362.8,-321.4
254.400,-362.9,-321.9
254.500,-362.9,-321.2
254.600,-363.1,-321.7
254.700,-362.9,-321.4
254.800,-362.2,-322.1
254.900,-362.3,-321.7
255.000,-362.1,-322.4
255.100,-362.1,-323.1
255.200,-362.0,-322.7
255.300,-362.0,-322.8
255.400,-362.0,-322.8
255.500,-362.1,-322.5
255.600,-362.0,-322.9
255.700,-362.1,-322.8
255.800,-362.1,-322.4
255.900,-362.0,-323.1
256.000,-362.0,-322.6
256.100,-362.0,-322.9
256.200,-362.1,-322.7
256.300,-362.0,-322.7
256.400,-361.9,-323.2
256.500,-362.0,-323.3
256.600,-362.0,-323.3
256.700,-362.0,-323.4
256.800,-362.1,-323.3
256.900,-362.0,-323.0
257.000,-362.1,-323.3
257.100,-362.2,-323.4
257.200,-362.1,-323.3
257.300,-362.1,-323.2
257.400,-362.0,-323.7
257.500,-362.0,-323.5
257.600,-362.0,-323.4
257.700,-362.1,-323.2
257.800,-362.0,-323.6
257.900,-362.0,-323.2
258.000,-362.1,-323.4
258.100,-362.1,-323.5
258.200,-362.0,-323.7
258.300,-362.0,-323.4
258.400,-362.0,-323.6
258.500,-362.0,-323.4
258.600,-362.1,-323.3
258.700,-361.9,-323.6
258.800,-362.0,-323.5
258.900,-362.0,-323.6
259.000,-361.9,-323.6
259.100,-362.0,-323.4
259.200,-362.0,-323.5
259.300,-362.0,-323.4
259.400,-362.1,-323.9
259.500,-362.0,-323.4
259.600,-361.9,-323.7
259.700,-362.1,-323.6
259.800,-362.0,-323.5
259.900,-362.0,-323.6
260.000,-362.0,-323.5
260.100,-362.1,-323.7
260.200,-362.1,-323.5
260.300,-362.0,-323.6
260.400,-362.0,-323.6
260.500,-362.0,-323.5
260.600,-362.0,-323.6
260.700,-361.9,-323.7
260.800,-362.0,-323.4
260.900,-362.0,-323.5
261.000,-362.0,-323.6
261.100,-362.0,-323.8
261.200,-361.9,-323.4
261.300,-361.9,-323.4
261.400,-362.0,-324.2
261.500,-362.0,-323.9
261.600,-362.0,-323.8
261.700,-362.0,-323.6
261.800,-362.0,-323.7
261.900,-362.0,-324.1
262.000,-362.0,-323.8
262.100,-362.0,-323.7
262.200,-362.0,-324.1
262.300,-362.0,-324.3
262.400,-362.0,-323.7
262.500,-361.9,-323.7
262.600,-362.0,-323.4
262.700,-362.1,-324.1
262.800,-361.9,-324.1
262.900,-362.0,-324.0
263.000,-362.1,-324.5
263.100,-362.1,-323.9
263.200,-362.0,-323.7
263.300,-362.0,-323.4
263.400,-362.0,-324.0
263.500,-362.1,-323.7
263.600,-362.0,-323.6
263.700,-362.0,-324.1
263.800,-362.1,-324.0
263.900,-362.1,-324.1
264.000,-361.9,-324.4
264.100,-362.0,-324.1
264.200,-362.0,-324.4
264.300,-362.0,-324.5
264.400,-362.0,-324.2
264.500,-362.0,-324.1
264.600,-362.0,-324.4
264.700,-362.0,-324.1
264.800,-362.0,-324.4
264.900,-361.9,-324.4
265.000,-362.0,-324.4
265.100,-361.8,-324.6
265.200,-361.9,-324.4
265.300,-361.9,-324.3
265.400,-362.1,-324.3
265.500,-362.0,-324.8
265.600,-362.0,-324.4
265.700,-362.0,-324.5
265.800,-361.9,-324.7
265.900,-362.0,-324.5
266.000,-361.9,-324.5
266.100,-361.9,-324.5
266.200,-361.8,-324.9
266.300,-362.0,-324.6
266.400,-361.9,-324.6
266.500,-361.9,-324.6
266.600,-362.0,-324.5
266.700,-362.0,-324.5
266.800,-362.0,-324.6
266.900,-361.9,-324.7
267.000,-362.0,-324.7
267.100,-361.8,-324.3
267.200,-362.0,-324.6
267.300,-362.0,-324.4
267.400,-362.0,-324.2
267.500,-361.9,-324.6
267.600,-362.0,-324.5
267.700,-362.0,-324.4
267.800,-361.9,-324.6
267.900,-362.1,-324.5
268.000,-362.0,-324.5
268.100,-362.0,-324.5
268.200,-361.9,-324.6
268.300,-361.9,-324.3
268.400,-362.1,-324.7
268.500,-361.9,-324.5
268.600,-361.8,-324.7
268.700,-362.0,-324.2
268.800,-362.0,-324.3
268.900,-362.0,-324.6
269.000,-362.2,-324.4
269.100,-361.9,-324.5
269.200,-361.8,-324.7
269.300,-361.9,-324.3
269.400,-362.0,-324.5
269.500,-361.9,-324.5
269.600,-362.1,-324.4
269.700,-362.0,-324.9
269.800,-361.9,-324.4
269.900,-362.1,-324.4
270.000,-362.0,-324.6
270.100,-361.9,-324.4
270.200,-361.9,-324.5
270.300,-361.9,-324.5
270.400,-362.0,-324.4
270.500,-361.9,-324.4
270.600,-361.9,-324.5
270.700,-361.9,-324.5
270.800,-361.9,-324.0
270.900,-362.0,-324.8
271.000,-362.0,-324.7
271.100,-362.0,-324.3
271.200,-362.0,-324.7
271.300,-361.8,-324.5
271.400,-362.0,-324.5
271.500,-361.9,-324.8
271.600,-362.0,-324.4
271.700,-362.1,-324.3
271.800,-362.0,-324.5
271.900,-362.0,-324.7
272.000,-362.0,-324.4
272.100,-362.0,-324.6
272.200,-362.0,-324.6
272.300,-362.0,-324.7
272.400,-361.9,-324.7
272.500,-362.0,-324.6
272.600,-362.0,-324.5
272.700,-361.9,-324.5
272.800,-361.9,-324.8
272.900,-361.9,-324.6
273.000,-361.9,-324.7
273.100,-362.0,-324.5
273.200,-361.9,-324.7
273.300,-362.0,-324.3
273.400,-362.0,-324.6
273.500,-361.9,-324.9
273.600,-362.0,-324.4
273.700,-361.9,-324.6
273.800,-362.1,-324.6
273.900,-362.1,-324.5
274.000,-361.9,-324.8
274.100,-362.0,-324.6
274.200,-361.9,-324.9
274.300,-362.0,-324.6
274.400,-361.9,-324.6
274.500,-361.9,-324.7
274.600,-361.9,-324.5
274.700,-361.9,-324.6
274.800,-361.9,-324.7
274.900,-362.0,-324.7
275.000,-361.8,-324.5
275.100,-362.0,-324.7
275.200,-361.9,-324.6
275.300,-362.0,-324.7
275.400,-361.8,-324.7
275.500,-362.0,-324.7
275.600,-362.0,-324.6
275.700,-362.0,-324.6
275.800,-361.9,-324.8
275.900,-361.9,-324.6
276.000,-362.0,-324.7
276.100,-362.0,-324.6
276.200,-361.9,-324.6
276.300,-362.0,-324.8
276.400,-362.0,-324.6
276.500,-362.0,-324.7
276.600,-361.9,-324.7
276.700,-362.0,-324.6
276.800,-362.0,-324.8
276.900,-362.0,-324.8
277.000,-361.8,-324.7
277.100,-362.0,-324.8
277.200,-362.0,-324.7
277.300,-362.0,-324.8
277.400,-362.0,-324.8
277.500,-362.1,-324.7
277.600,-361.9,-324.7
277.700,-361.9,-324.7
277.800,-362.0,-324.8
277.900,-362.1,-324.7
278.000,-361.9,-325.0
278.100,-361.9,-324.8
278.200,-361.9,-324.7
278.300,-361.9,-324.8
278.400,-362.0,-324.6
278.500,-361.9,-324.8
278.600,-362.0,-324.9
278.700,-362.0,-324.6
278.800,-362.0,-324.6
278.900,-362.0,-324.8
279.000,-361.9,-324.8
279.100,-362.0,-325.2
279.200,-362.0,-324.8
279.300,-362.1,-324.6
279.400,-362.0,-324.8
279.500,-362.0,-324.8
279.600,-362.0,-324.9
279.700,-361.9,-325.1
279.800,-362.1,-324.8
279.900,-361.9,-325.2
280.000,-361.8,-325.4
280.100,-361.9,-325.5
280.200,-362.0,-325.5
280.300,-361.9,-325.6
280.400,-361.9,-325.5
280.500,-361.9,-325.2
280.600,-361.9,-325.4
280.700,-362.0,-325.8
280.800,-362.1,-325.4
280.900,-361.8,-325.5
281.000,-361.9,-326.2
281.100,-361.9,-325.9
281.200,-362.0,-325.9
281.300,-361.8,-325.9
281.400,-362.0,-325.6
281.500,-361.9,-325.7
281.600,-362.0,-326.0
281.700,-361.9,-326.2
281.800,-362.0,-326.1
281.900,-361.8,-326.1
282.000,-361.9,-326.3
282.100,-362.0,-326.2
282.200,-361.9,-326.1
282.300,-361.9,-326.1
282.400,-361.9,-326.5
282.500,-361.9,-326.5
282.600,-362.0,-326.5
282.700,-362.0,-326.3
282.800,-361.9,-326.4
282.900,-362.0,-326.4
283.000,-361.9,-326.3
283.100,-361.9,-326.4
283.200,-361.8,-326.6
283.300,-361.8,-326.4
283.400,-362.0,-326.3
283.500,-361.9,-326.6
283.600,-361.9,-326.2
283.700,-361.8,-326.6
283.800,-361.9,-326.5
283.900,-361.9,-326.6
284.000,-361.9,-326.5
284.100,-361.9,-326.6
284.200,-361.8,-326.6
284.300,-361.9,-326.6
284.400,-362.0,-326.7
284.500,-361.9,-326.6
284.600,-362.0,-326.6
284.700,-361.9,-326.6
284.800,-361.9,-326.7
284.900,-361.9,-326.6
285.000,-362.0,-326.3
285.100,-362.0,-326.5
285.200,-361.9,-326.7
285.300,-361.9,-326.7
285.400,-361.9,-326.7
285.500,-361.9,-326.8
285.600,-361.9,-326.9
285.700,-362.0,-326.5
285.800,-362.0,-326.9
285.900,-361.9,-326.7
286.000,-361.7,-326.6
286.100,-361.8,-326.9
286.200,-362.0,-326.5
286.300,-361.8,-326.8
286.400,-362.0,-326.9
286.500,-361.7,-326.7
286.600,-361.9,-326.6
286.700,-361.9,-326.9
286.800,-361.8,-326.7
286.900,-361.9,-326.7
287.000,-361.9,-326.8
287.100,-361.9,-326.7
287.200,-361.9,-326.6
287.300,-361.9,-326.7
287.400,-361.8,-327.1
287.500,-361.9,-327.4
287.600,-362.0,-326.8
287.700,-361.9,-327.3
287.800,-361.8,-327.1
287.900,-361.8,-327.4
288.000,-361.9,-327.3
288.100,-361.4,-327.6
288.200,-361.8,-327.3
288.300,-361.9,-327.0
288.400,-361.9,-327.7
288.500,-361.9,-327.7
288.600,-361.9,-327.4
288.700,-361.9,-327.3
288.800,-361.8,-327.3
288.900,-362.0,-327.5
289.000,-361.9,-327.4
289.100,-361.9,-327.7
289.200,-361.9,-327.5
289.300,-361.9,-327.4
289.400,-361.9,-327.5
289.500,-361.9,-327.3
289.600,-361.8,-327.5
289.700,-361.9,-327.5
289.800,-361.8,-327.3
289.900,-362.0,-327.4
290.000,-361.8,-327.7
290.100,-361.9,-327.6
290.200,-361.9,-327.9
290.300,-361.7,-327.6
290.400,-361.9,-327.3
290.500,-361.9,-327.2
290.600,-361.8,-327.7
290.700,-361.8,-327.5
290.800,-361.9,-327.8
290.900,-361.8,-327.5
291.000,-361.8,-327.4
291.100,-361.8,-327.7
291.200,-361.7,-327.8
291.300,-361.8,-327.5
291.400,-361.8,-327.6
291.500,-361.8,-327.6
291.600,-361.9,-327.6
291.700,-361.8,-327.6
291.800,-361.9,-328.0
291.900,-361.8,-327.7
292.000,-361.8,-328.0
292.100,-361.8,-328.0
292.200,-361.9,-328.2
292.300,-361.8,-328.2
292.400,-361.9,-328.4
292.500,-361.9,-328.2
292.600,-362.0,-328.0
292.700,-361.8,-328.3
292.800,-361.9,-328.2
292.900,-361.8,-328.4
293.000,-361.8,-328.4
293.100,-361.8,-328.1
293.200,-361.8,-328.4
293.300,-361.9,-328.4
293.400,-361.8,-328.2
293.500,-361.8,-328.3
293.600,-361.7,-328.4
293.700,-361.8,-328.3
293.800,-361.8,-328.2
293.900,-361.9,-328.5
294.000,-361.8,-328.5
294.100,-361.8,-328.3
294.200,-361.9,-328.6
294.300,-361.9,-328.1
294.400,-361.9,-328.3
294.500,-361.8,-328.4
294.600,-361.9,-328.1
294.700,-361.9,-328.4
294.800,-361.8,-328.3
294.900,-361.9,-328.5
295.000,-361.9,-328.5
295.100,-361.7,-328.4
295.200,-361.9,-328.3
295.300,-361.8,-328.5
295.400,-361.8,-328.2
295.500,-361.9,-328.5
295.600,-361.7,-328.4
295.700,-361.8,-328.5
295.800,-362.0,-328.6
295.900,-361.8,-328.5
296.000,-361.8,-328.4
296.100,-361.8,-328.4
296.200,-361.9,-328.3
296.300,-361.9,-328.3
296.400,-361.8,-328.5
296.500,-361.8,-328.6
296.600,-361.9,-328.6
296.700,-361.9,-328.2
296.800,-361.8,-328.2
296.900,-361.8,-328.6
297.000,-361.9,-328.8
297.100,-361.8,-328.6
297.200,-361.8,-328.4
297.300,-361.9,-328.3
297.400,-361.8,-328.4
297.500,-361.8,-328.4
297.600,-361.9,-328.5
297.700,-361.9,-328.5
297.800,-361.8,-328.6
297.900,-361.9,-328.3
298.000,-361.8,-328.6
298.100,-362.0,-328.7
298.200,-361.8,-328.3
298.300,-361.8,-328.2
298.400,-361.9,-328.6
298.500,-361.8,-328.6
298.600,-361.9,-328.3
298.700,-361.9,-328.8
298.800,-361.9,-328.6
298.900,-361.9,-328.5
299.000,-362.0,-328.2
299.100,-361.7,-328.7
299.200,-361.8,-328.4
299.300,-361.8,-328.5
299.400,-361.7,-328.6
299.500,-361.9,-328.4
299.600,-361.7,-328.5
299.700,-361.7,-328.4
299.800,-361.9,-328.7
299.900,-361.7,-328.4
300.000,-361.9,-328.6
300.100,-361.8,-328.8
300.200,-361.9,-328.7
300.300,-361.7,-328.7
300.400,-361.8,-328.4
300.500,-361.9,-328.6
300.600,-361.8,-328.7
300.700,-361.8,-328.5
300.800,-361.8,-328.4
300.900,-361.8,-328.6
301.000,-361.7,-328.5
301.100,-361.8,-328.7
301.200,-361.7,-328.3
301.300,-361.8,-328.7
301.400,-361.8,-328.7
301.500,-361.8,-328.7
301.600,-361.8,-328.8
301.700,-361.8,-328.5
301.800,-361.8,-328.6
301.900,-361.9,-328.5
302.000,-361.7,-328.9
302.100,-361.8,-328.6
302.200,-361.7,-328.9
302.300,-361.9,-328.7
302.400,-361.7,-328.6
302.500,-361.8,-328.8
302.600,-361.8,-328.6
302.700,-361.8,-329.2
302.800,-361.8,-328.8
302.900,-361.8,-329.0
303.000,-361.8,-329.0
303.100,-361.8,-328.9
303.200,-361.8,-328.7
303.300,-361.8,-328.9
303.400,-361.7,-328.7
303.500,-361.9,-328.4
303.600,-361.7,-328.7
303.700,-361.8,-329.0
303.800,-361.8,-328.7
303.900,-361.8,-328.6
304.000,-361.9,-329.2
304.100,-361.8,-329.4
304.200,-361.8,-329.3
304.300,-361.8,-329.0
304.400,-361.9,-329.4
304.500,-361.8,-329.1
304.600,-361.8,-329.5
304.700,-361.8,-329.4
304.800,-361.8,-329.6
304.900,-362.0,-329.6
305.000,-361.8,-329.4
305.100,-361.9,-329.1
305.200,-361.8,-329.7
305.300,-361.8,-329.1
305.400,-361.8,-329.5
305.500,-361.7,-328.9
305.600,-361.7,-329.0
305.700,-361.9,-329.0
305.800,-361.8,-329.7
305.900,-361.9,-329.3
306.000,-361.9,-329.5
306.100,-361.9,-330.2
306.200,-361.9,-329.4
306.300,-361.9,-329.2
306.400,-361.8,-329.7
306.500,-361.9,-329.6
306.600,-361.8,-329.4
306.700,-361.7,-329.5
306.800,-361.9,-329.1
306.900,-361.9,-329.7
307.000,-361.8,-329.4
307.100,-361.8,-329.4
307.200,-361.7,-329.5
307.300,-361.9,-329.5
307.400,-361.9,-329.4
307.500,-361.9,-329.5
307.600,-361.9,-329.5
307.700,-361.8,-329.8
307.800,-361.9,-329.5
307.900,-361.9,-329.2
308.000,-361.7,-329.3
308.100,-361.8,-329.6
308.200,-361.9,-329.5
308.300,-361.8,-329.7
308.400,-361.9,-329.4
308.500,-361.8,-329.6
308.600,-361.7,-329.4
308.700,-361.8,-329.3
308.800,-361.8,-329.9
308.900,-361.8,-329.5
309.000,-361.9,-329.6
309.100,-361.9,-329.6
309.200,-361.9,-329.6
309.300,-361.8,-329.4
309.400,-361.8,-329.6
309.500,-361.9,-329.5
309.600,-361.9,-329.6
309.700,-361.9,-329.5
309.800,-361.8,-329.4
309.900,-362.0,-329.5
310.000,-361.8,-329.9
310.100,-361.8,-329.5
310.200,-361.9,-329.6
310.300,-361.9,-329.6
310.400,-361.9,-329.8
310.500,-361.8,-329.9
310.600,-361.9,-329.3
310.700,-361.8,-329.3
310.800,-361.9,-329.8
310.900,-361.9,-329.4
311.000,-361.9,-329.6
311.100,-361.9,-329.9
311.200,-361.8,-329.7
311.300,-362.0,-330.4
311.400,-361.8,-330.3
311.500,-361.8,-330.2
311.600,-361.9,-330.4
311.700,-362.0,-329.8
311.800,-361.9,-329.8
311.900,-361.6,-329.9
312.000,-361.9,-329.4
312.100,-361.8,-329.8
312.200,-361.8,-329.8
312.300,-361.9,-329.7
312.400,-361.9,-329.9
312.500,-361.9,-329.9
312.600,-361.9,-329.6
312.700,-361.9,-329.5
312.800,-361.9,-329.8
312.900,-362.0,-329.3
313.000,-361.9,-330.1
313.100,-361.8,-330.4
313.200,-362.0,-330.2
313.300,-361.8,-330.8
313.400,-361.7,-331.2
313.500,-361.9,-330.8
313.600,-361.8,-330.8
313.700,-361.9,-330.1
313.800,-361.8,-330.8
313.900,-361.8,-330.4
314.000,-361.6,-330.8
314.100,-361.7,-330.7
314.200,-361.7,-330.4
314.300,-361.7,-330.9
314.400,-361.8,-330.7
314.500,-361.7,-331.1
314.600,-361.8,-331.4
314.700,-361.8,-331.0
314.800,-361.9,-331.6
314.900,-361.9,-330.9
315.000,-361.9,-331.3
315.100,-361.8,-331.4
315.200,-361.8,-331.3
315.300,-361.8,-331.8
315.400,-361.8,-331.7
315.500,-361.9,-331.3
315.600,-361.8,-331.6
315.700,-361.8,-331.7
315.800,-361.4,-331.9
315.900,-361.3,-331.5
316.000,-361.3,-331.7
316.100,-361.1,-331.8
316.200,-361.1,-331.6
316.300,-361.1,-331.3
316.400,-361.2,-331.8
316.500,-361.1,-331.9
316.600,-361.2,-331.7
316.700,-361.2,-331.6
316.800,-361.2,-331.7
316.900,-361.1,-331.7
317.000,-361.2,-331.6
317.100,-361.2,-332.4
317.200,-361.1,-331.8
317.300,-361.1,-331.6
317.400,-361.2,-332.6
317.500,-361.2,-332.5
317.600,-361.1,-332.3
317.700,-361.2,-332.5
317.800,-361.0,-332.6
317.900,-361.1,-332.4
318.000,-361.2,-332.7
318.100,-361.1,-332.3
318.200,-361.1,-332.3
318.300,-361.1,-332.8
318.400,-361.2,-332.4
318.500,-361.1,-331.8
318.600,-361.1,-332.6
318.700,-361.1,-332.4
318.800,-361.0,-332.6
318.900,-361.0,-332.4
319.000,-361.0,-332.8
319.100,-361.1,-332.7
319.200,-361.0,-332.7
319.300,-361.1,-332.5
319.400,-361.0,-332.6
319.500,-361.0,-332.5
319.600,-361.1,-332.5
319.700,-361.1,-333.3
319.800,-361.1,-332.6
319.900,-361.1,-332.7
320.000,-361.2,-332.9
320.100,-361.2,-332.2
320.200,-361.2,-332.2
320.300,-361.2,-332.6
320.400,-361.1,-332.5
320.500,-361.1,-332.6
320.600,-361.1,-332.2
320.700,-361.1,-332.6
320.800,-361.1,-332.7
320.900,-361.2,-332.3
321.000,-361.1,-332.6
321.100,-361.1,-333.3
321.200,-361.2,-332.8
321.300,-361.2,-332.5
321.400,-361.2,-332.4
321.500,-361.2,-332.7
321.600,-361.3,-332.5
321.700,-361.1,-333.2
321.800,-361.1,-333.3
321.900,-361.1,-332.6
322.000,-361.2,-332.5
322.100,-361.2,-332.7
322.200,-361.2,-333.3
322.300,-361.2,-332.8
322.400,-361.1,-332.6
322.500,-361.1,-332.5
322.600,-361.1,-332.4
322.700,-361.2,-332.6
322.800,-361.2,-332.6
322.900,-361.2,-332.5
323.000,-361.2,-332.6
323.100,-361.2,-332.8
323.200,-361.1,-332.8
323.300,-361.1,-332.6
323.400,-361.2,-332.5
323.500,-361.2,-333.1
323.600,-361.1,-333.1
323.700,-361.2,-333.6
323.800,-361.2,-333.2
323.900,-361.1,-333.7
324.000,-361.1,-333.3
324.100,-361.1,-333.2
324.200,-361.1,-332.8
324.300,-361.2,-333.4
324.400,-361.1,-333.6
324.500,-361.1,-333.5
324.600,-361.2,-332.8
324.700,-361.1,-332.7
324.800,-361.2,-332.8
324.900,-361.2,-333.5
325.000,-361.2,-333.5
325.100,-361.1,-333.2
325.200,-361.3,-333.5
325.300,-361.2,-333.1
325.400,-361.1,-333.5
325.500,-361.2,-332.8
325.600,-361.2,-332.6
325.700,-361.2,-333.4
325.800,-361.2,-333.3
325.900,-361.2,-333.4
326.000,-361.3,-333.5
326.100,-361.3,-333.6
326.200,-361.2,-333.2
326.300,-361.1,-333.4
326.400,-361.2,-333.4
326.500,-361.1,-333.6
326.600,-361.2,-333.7
326.700,-361.0,-333.9
326.800,-361.1,-333.7
326.900,-361.1,-333.7
327.000,-361.0,-333.7
327.100,-361.1,-333.8
327.200,-361.1,-333.7
327.300,-361.3,-333.9
327.400,-361.2,-333.4
327.500,-361.0,-333.7
327.600,-361.2,-333.9
327.700,-361.1,-333.5
327.800,-361.2,-333.6
327.900,-361.1,-333.8
328.000,-361.2,-333.7
328.100,-361.2,-333.7
328.200,-361.1,-333.7
328.300,-361.2,-333.5
328.400,-361.1,-333.7
328.500,-361.2,-333.7
328.600,-361.2,-333.7
328.700,-361.2,-333.8
328.800,-361.1,-333.4
328.900,-361.2,-334.1
329.000,-361.2,-333.9
329.100,-361.3,-333.6
329.200,-361.2,-333.8
329.300,-361.1,-333.7
329.400,-361.1,-333.7
329.500,-361.1,-333.6
329.600,-361.1,-333.9
329.700,-361.1,-333.9
329.800,-361.1,-333.8
329.900,-361.0,-333.9
330.000,-361.0,-334.0
330.100,-361.0,-334.1
330.200,-361.1,-334.4
330.300,-361.2,-334.6
330.400,-361.3,-334.2
330.500,-361.2,-334.2
330.600,-361.2,-334.3
330.700,-361.2,-334.2
330.800,-361.2,-334.5
330.900,-361.2,-334.5
331.000,-361.2,-334.1
331.100,-361.0,-334.6
331.200,-361.0,-334.2
331.300,-361.0,-334.5
331.400,-360.9,-334.5
331.500,-360.8,-334.7
331.600,-360.8,-334.9
331.700,-360.8,-334.7
331.800,-360.8,-334.8
331.900,-360.7,-335.0
332.000,-360.3,-334.9
332.100,-360.2,-335.0
332.200,-360.0,-335.2
332.300,-360.2,-335.2
332.400,-360.1,-335.1
332.500,-360.4,-335.0
332.600,-360.9,-334.6
332.700,-361.3,-333.5
332.800,-361.9,-332.5
332.900,-361.9,-331.1
333.000,-362.1,-330.8
333.100,-362.1,-330.7
333.200,-362.1,-330.5
333.300,-362.3,-330.5
333.400,-362.4,-330.5
333.500,-362.1,-330.6
333.600,-361.9,-331.2
333.700,-361.9,-330.9
333.800,-361.9,-331.2
333.900,-361.9,-332.3
334.000,-361.9,-332.1
334.100,-361.8,-332.6
334.200,-361.9,-332.6
334.300,-361.8,-332.5
334.400,-361.8,-332.5
334.500,-362.0,-332.7
334.600,-361.6,-332.6
334.700,-362.0,-332.6
334.800,-361.8,-333.4
334.900,-361.7,-333.6
335.000,-361.8,-333.7
335.100,-361.6,-333.8
335.200,-361.3,-333.5
335.300,-361.4,-333.6
335.400,-361.2,-333.7
335.500,-361.2,-333.5
335.600,-361.1,-333.7
335.700,-361.2,-334.2
335.800,-361.2,-334.1
335.900,-361.1,-334.4
336.000,-361.1,-334.1
336.100,-361.1,-334.4
336.200,-361.2,-334.3
336.300,-361.1,-334.5
336.400,-361.0,-334.2
336.500,-361.2,-334.2
336.600,-361.2,-334.4
336.700,-361.1,-334.4
336.800,-361.1,-334.4
336.900,-361.2,-334.4
337.000,-361.1,-334.2
337.100,-361.6,-334.3
337.200,-361.3,-334.4
337.300,-361.4,-334.2
337.400,-361.8,-334.2
337.500,-361.7,-334.5
337.600,-362.0,-332.6
337.700,-361.8,-333.1
337.800,-362.1,-334.1
337.900,-361.9,-334.4
338.000,-361.9,-334.0
338.100,-361.8,-334.5
338.200,-362.0,-333.8
338.300,-361.7,-334.2
338.400,-361.7,-334.5
338.500,-361.8,-334.3
338.600,-362.0,-334.6
338.700,-361.7,-334.6
338.800,-361.7,-334.6
338.900,-361.9,-334.4
339.000,-361.7,-334.3
339.100,-361.9,-334.4
339.200,-361.9,-334.3
339.300,-361.7,-334.7
339.400,-361.7,-334.5
339.500,-361.8,-334.4
339.600,-361.7,-334.7
339.700,-361.7,-335.1
339.800,-361.8,-334.9
339.900,-361.9,-334.7
340.000,-361.7,-334.7
340.100,-361.7,-334.5
340.200,-361.8,-334.8
340.300,-361.7,-334.5
340.400,-361.7,-334.6
340.500,-361.8,-334.5
340.600,-361.8,-334.6
340.700,-361.8,-334.4
340.800,-361.8,-334.5
340.900,-361.7,-334.6
341.000,-361.8,-334.5
341.100,-361.7,-334.8
341.200,-361.8,-334.5
341.300,-361.8,-334.6
341.400,-361.8,-334.6
341.500,-361.9,-334.5
341.600,-361.8,-334.6
341.700,-361.8,-334.6
341.800,-361.8,-335.3
341.900,-361.7,-334.8
342.000,-361.8,-335.2
342.100,-361.8,-334.6
342.200,-361.8,-335.1
342.300,-361.7,-335.2
342.400,-361.7,-334.6
342.500,-361.3,-334.6
342.600,-361.3,-334.8
342.700,-361.1,-335.2
342.800,-361.2,-335.4
342.900,-361.2,-335.5
343.000,-361.2,-335.2
343.100,-361.2,-335.2
343.200,-361.2,-335.4
343.300,-361.2,-335.7
343.400,-361.2,-334.9
343.500,-361.2,-334.9
343.600,-361.1,-334.8
343.700,-361.2,-334.6
343.800,-361.1,-335.2
343.900,-361.2,-335.2
344.000,-361.1,-335.5
344.100,-361.2,-335.4
344.200,-361.1,-335.4
344.300,-361.1,-335.5
344.400,-361.0,-335.4
344.500,-361.1,-335.7
344.600,-361.1,-335.3
344.700,-361.1,-335.6
344.800,-361.1,-335.7
344.900,-361.2,-335.3
345.000,-361.2,-335.5
345.100,-361.2,-335.4
345.200,-361.2,-335.5
345.300,-361.3,-335.4
345.400,-361.2,-335.5
345.500,-361.3,-335.5
345.600,-361.3,-335.6
345.700,-361.2,-335.5
345.800,-361.3,-335.4
345.900,-361.3,-335.4
346.000,-361.3,-335.4
346.100,-361.3,-335.6
346.200,-361.1,-335.6
346.300,-361.2,-335.6
346.400,-361.1,-335.6
346.500,-361.2,-335.3
346.600,-361.3,-335.6
346.700,-361.3,-335.5
346.800,-361.2,-335.4
346.900,-361.2,-335.5
347.000,-361.3,-335.7
347.100,-361.3,-335.5
347.200,-361.3,-335.4
347.300,-361.2,-335.6
347.400,-361.3,-335.6
347.500,-361.2,-335.6
347.600,-361.2,-335.5
347.700,-361.2,-335.4
347.800,-361.3,-335.5
347.900,-361.3,-335.6
348.000,-361.3,-335.5
348.100,-361.3,-335.6
348.200,-361.3,-335.5
348.300,-361.4,-335.7
348.400,-361.2,-334.6
348.500,-361.3,-335.3
348.600,-361.3,-335.8
348.700,-361.2,-335.2
348.800,-361.3,-335.3
348.900,-361.3,-335.6
349.000,-361.3,-335.5
349.100,-361.4,-335.3
349.200,-361.4,-335.5
349.300,-361.4,-335.4
349.400,-361.4,-335.5
349.500,-361.2,-335.5
349.600,-361.3,-335.7
349.700,-361.3,-335.4
349.800,-361.2,-335.6
349.900,-361.4,-335.7
350.000,-361.3,-335.6
350.100,-361.3,-335.8
350.200,-361.3,-335.2
350.300,-361.3,-335.8
350.400,-361.2,-335.6
350.500,-361.4,-335.9
350.600,-361.2,-335.6
350.700,-361.2,-335.6
350.800,-361.2,-335.6
350.900,-361.1,-335.5
351.000,-361.3,-335.6
351.100,-361.3,-335.7
351.200,-361.3,-335.5
351.300,-361.3,-335.6
351.400,-361.2,-335.7
351.500,-361.2,-335.6
351.600,-361.3,-335.8
351.700,-361.3,-335.8
351.800,-361.3,-335.8
351.900,-361.2,-335.8
352.000,-361.2,-336.0
352.100,-361.3,-336.2
352.200,-361.4,-336.3
352.300,-361.2,-336.3
352.400,-361.2,-336.2
352.500,-361.3,-336.4
352.600,-361.3,-336.5
352.700,-361.2,-336.2
352.800,-361.2,-336.1
352.900,-361.2,-336.4
353.000,-361.3,-336.2
353.100,-361.2,-336.4
353.200,-361.2,-336.5
353.300,-361.2,-336.2
353.400,-361.3,-336.3
353.500,-361.3,-336.3
353.600,-361.2,-336.4
353.700,-361.1,-336.6
353.800,-361.1,-336.3
353.900,-361.2,-336.5
354.000,-361.3,-336.4
354.100,-361.2,-336.5
354.200,-361.3,-336.3
354.300,-361.2,-336.6
354.400,-361.2,-336.4
354.500,-361.3,-336.4
354.600,-361.2,-335.6
354.700,-361.3,-335.8
354.800,-361.3,-336.3
354.900,-361.3,-336.2
355.000,-361.4,-336.4
355.100,-361.3,-336.1
355.200,-361.3,-336.5
355.300,-361.2,-336.5
355.400,-361.2,-336.1
355.500,-361.3,-336.5
355.600,-361.3,-336.3
355.700,-361.4,-336.5
355.800,-361.1,-336.4
355.900,-361.0,-336.6
356.000,-361.2,-336.5
356.100,-361.2,-336.4
356.200,-361.1,-336.4
356.300,-361.3,-336.6
356.400,-361.1,-336.3
356.500,-361.2,-336.6
356.600,-361.2,-336.6
356.700,-361.2,-336.5
356.800,-361.3,-336.4
356.900,-361.2,-336.5
357.000,-361.2,-336.4
357.100,-361.2,-336.6
357.200,-361.2,-336.5
357.300,-361.2,-336.5
357.400,-361.2,-336.6
357.500,-361.2,-336.7
357.600,-361.2,-336.6
357.700,-361.3,-336.5
357.800,-361.2,-336.5
357.900,-361.3,-336.6
358.000,-361.2,-336.4
358.100,-361.2,-336.8
358.200,-361.2,-336.6
358.300,-361.2,-336.4
358.400,-361.2,-336.6
358.500,-361.2,-336.6
358.600,-361.1,-336.7
358.700,-361.2,-336.5
358.800,-361.2,-336.6
358.900,-361.2,-336.7
359.000,-361.1,-336.7
359.100,-361.3,-336.7
359.200,-361.2,-336.6
359.300,-361.3,-336.5
359.400,-361.3,-336.7
359.500,-361.2,-336.3
359.600,-361.2,-336.8
359.700,-361.2,-336.5
359.800,-361.2,-336.6
359.900,-361.2,-336.7
360.000,-361.2,-336.6
360.100,-361.2,-336.5
360.200,-361.3,-336.7
360.300,-361.2,-336.3
360.400,-361.3,-337.1
360.500,-361.4,-336.8
360.600,-361.3,-336.9
360.700,-361.2,-336.6
360.800,-361.3,-337.2
360.900,-361.2,-336.5
361.000,-361.4,-336.6
361.100,-361.2,-336.8
361.200,-361.1,-336.6
361.300,-361.3,-336.7
361.400,-361.3,-336.7
361.500,-361.2,-336.5
361.600,-361.3,-336.7
361.700,-361.3,-336.6
361.800,-361.3,-336.6
361.900,-361.2,-336.6
362.000,-361.2,-336.9
362.100,-361.3,-336.7
362.200,-361.2,-336.6
362.300,-361.3,-336.6
362.400,-361.3,-336.8
362.500,-361.2,-336.7
362.600,-361.2,-336.8
362.700,-361.2,-336.7
362.800,-361.3,-336.8
362.900,-361.3,-336.5
363.000,-361.2,-336.9
363.100,-361.2,-336.7
363.200,-361.3,-336.5
363.300,-361.1,-337.1
363.400,-361.1,-337.4
363.500,-361.2,-337.2
363.600,-361.1,-337.3
363.700,-361.1,-337.4
363.800,-361.1,-337.3
363.900,-361.1,-337.3
364.000,-361.0,-337.7
364.100,-361.0,-337.4
364.200,-361.0,-337.5
364.300,-361.0,-337.2
364.400,-361.1,-337.6
364.500,-361.2,-337.5
364.600,-361.2,-337.7
364.700,-361.0,-337.4
364.800,-361.1,-337.7
364.900,-361.1,-337.4
365.000,-361.2,-337.1
365.100,-361.2,-337.3
365.200,-361.1,-337.4
365.300,-361.3,-337.4
365.400,-361.3,-337.3
365.500,-361.6,-337.3
365.600,-361.8,-337.1
365.700,-361.7,-337.2
365.800,-362.0,-337.2
365.900,-361.9,-337.3
366.000,-361.9,-337.0
366.100,-362.0,-337.1
366.200,-362.3,-337.1
366.300,-361.8,-337.4
366.400,-362.1,-337.3
366.500,-361.9,-337.4
366.600,-361.9,-336.9
366.700,-361.9,-337.1
366.800,-362.0,-337.0
366.900,-362.0,-337.4
367.000,-361.9,-337.2
367.100,-361.9,-337.4
367.200,-362.0,-337.1
367.300,-361.8,-337.6
367.400,-361.8,-337.6
367.500,-361.8,-337.4
367.600,-361.9,-337.6
367.700,-361.8,-337.4
367.800,-362.0,-337.3
367.900,-361.7,-337.6
368.000,-361.8,-337.2
368.100,-361.8,-337.5
368.200,-361.8,-337.2
368.300,-361.9,-337.6
368.400,-361.9,-337.6
368.500,-361.9,-337.3
368.600,-361.9,-337.4
368.700,-361.8,-337.4
368.800,-361.9,-337.4
368.900,-361.9,-337.6
369.000,-362.0,-337.4
369.100,-362.0,-337.8
369.200,-361.9,-337.5
369.300,-361.7,-337.4
369.400,-361.8,-337.8
369.500,-361.7,-337.6
369.600,-361.8,-337.7
369.700,-361.8,-337.6
369.800,-361.7,-337.3
369.900,-361.7,-337.8
370.000,-361.8,-337.8
370.100,-361.7,-337.5
370.200,-361.9,-337.7
370.300,-361.7,-337.7
370.400,-361.8,-337.5
370.500,-361.8,-337.3
370.600,-361.7,-337.7
370.700,-361.9,-337.7
370.800,-361.7,-337.6
370.900,-361.8,-337.6
371.000,-361.9,-337.6
371.100,-361.7,-337.8
371.200,-361.7,-337.5
371.300,-361.8,-337.8
371.400,-361.7,-337.7
371.500,-361.6,-337.6
371.600,-361.8,-337.7
371.700,-361.8,-337.6
371.800,-361.7,-337.5
371.900,-361.7,-337.5
372.000,-361.8,-337.6
372.100,-361.8,-337.6
372.200,-361.8,-337.6
372.300,-361.8,-337.7
372.400,-361.7,-337.6
372.500,-361.7,-337.6
372.600,-361.9,-337.7
372.700,-361.8,-337.7
372.800,-361.9,-337.5
372.900,-361.9,-337.6
373.000,-361.8,-338.1
373.100,-361.7,-338.2
373.200,-361.9,-338.3
373.300,-361.8,-337.8
373.400,-361.7,-338.5
373.500,-361.7,-338.0
373.600,-361.7,-338.2
373.700,-361.9,-338.3
373.800,-361.6,-338.5
373.900,-361.8,-338.3
374.000,-361.8,-338.4
374.100,-361.9,-338.8
374.200,-361.8,-338.3
374.300,-361.9,-338.1
374.400,-361.7,-338.2
374.500,-361.7,-338.6
374.600,-361.8,-338.3
374.700,-361.8,-337.7
374.800,-361.8,-338.4
374.900,-361.7,-338.4
375.000,-361.8,-338.5
375.100,-361.8,-338.2
375.200,-361.8,-338.6
375.300,-361.7,-338.7
375.400,-361.7,-338.6
375.500,-361.8,-338.7
375.600,-361.8,-338.2
375.700,-361.8,-338.4
375.800,-361.8,-338.5
375.900,-361.7,-338.2
376.000,-361.8,-338.7
376.100,-361.8,-338.2
376.200,-361.6,-338.5
376.300,-361.6,-338.4
376.400,-361.7,-338.4
376.500,-361.8,-338.5
376.600,-361.7,-338.6
376.700,-361.7,-338.5
376.800,-361.7,-338.4
376.900,-361.6,-338.6
377.000,-361.8,-338.4
377.100,-361.8,-338.4
377.200,-361.4,-338.4
377.300,-361.4,-338.2
377.400,-361.3,-338.5
377.500,-361.2,-338.7
377.600,-361.2,-338.6
377.700,-361.1,-338.7
377.800,-361.2,-338.3
377.900,-361.2,-338.5
378.000,-361.1,-338.8
378.100,-361.1,-338.6
378.200,-361.2,-338.6
378.300,-361.2,-338.6
378.400,-361.2,-338.6
378.500,-361.1,-338.8
378.600,-361.1,-338.5
378.700,-361.2,-338.9
378.800,-361.2,-338.5
378.900,-361.1,-338.8
379.000,-361.2,-338.6
379.100,-361.2,-338.9
379.200,-361.0,-338.5
379.300,-361.1,-338.7
379.400,-361.2,-338.9
379.500,-361.2,-338.6
379.600,-361.1,-338.7
379.700,-361.1,-338.8
379.800,-361.1,-338.8
379.900,-361.1,-338.8
380.000,-361.1,-338.8
380.100,-361.2,-338.4
380.200,-361.2,-338.8
380.300,-361.2,-338.8
380.400,-361.1,-338.7
380.500,-361.1,-338.6
380.600,-361.2,-338.7
380.700,-361.1,-338.6
380.800,-361.1,-338.7
380.900,-361.2,-338.8
381.000,-361.0,-338.7
381.100,-361.1,-339.1
381.200,-361.1,-339.1
381.300,-361.1,-339.1
381.400,-361.1,-339.1
381.500,-361.0,-339.3
381.600,-361.0,-339.2
381.700,-361.2,-339.2
381.800,-361.1,-339.4
381.900,-361.0,-339.4
382.000,-361.1,-338.9
382.100,-361.1,-339.2
382.200,-361.1,-339.3
382.300,-361.0,-339.6
382.400,-361.1,-338.7
382.500,-361.0,-339.4
382.600,-361.1,-338.6
382.700,-361.1,-339.5
382.800,-361.1,-339.5
382.900,-361.1,-339.4
383.000,-361.1,-339.3
383.100,-361.1,-339.4
383.200,-361.0,-339.2
383.300,-361.1,-339.6
383.400,-361.1,-339.2
383.500,-361.0,-339.2
383.600,-361.1,-339.5
383.700,-361.1,-339.5
383.800,-361.2,-339.2
383.900,-361.1,-339.4
384.000,-361.1,-339.4
384.100,-361.1,-339.4
384.200,-361.1,-339.4
384.300,-361.1,-339.5
384.400,-361.2,-339.4
384.500,-361.1,-339.2
384.600,-361.1,-339.5
384.700,-361.1,-339.4
384.800,-361.2,-339.5
384.900,-361.1,-339.4
385.000,-361.1,-339.4
385.100,-361.2,-339.3
385.200,-361.0,-339.7
385.300,-361.3,-339.5
385.400,-361.2,-339.3
385.500,-361.2,-339.3
385.600,-361.2,-339.5
385.700,-361.1,-339.5
385.800,-361.1,-339.6
385.900,-361.1,-339.5
386.000,-361.1,-339.3
386.100,-361.1,-339.5
386.200,-360.8,-339.7
386.300,-361.2,-339.5
386.400,-360.9,-339.5
386.500,-361.1,-339.6
386.600,-361.1,-339.4
386.700,-361.2,-339.5
386.800,-361.2,-339.4
386.900,-361.2,-339.5
387.000,-361.2,-339.4
387.100,-361.2,-339.4
387.200,-361.1,-339.6
387.300,-361.2,-339.2
387.400,-361.2,-339.4
387.500,-361.3,-339.4
387.600,-361.2,-339.2
387.700,-361.3,-339.6
387.800,-361.3,-339.1
387.900,-361.3,-339.3
388.000,-361.3,-339.5
388.100,-361.3,-339.2
388.200,-361.3,-339.2
388.300,-361.7,-339.4
388.400,-361.6,-339.2
388.500,-361.8,-339.4
388.600,-361.9,-339.1
388.700,-361.8,-339.4
388.800,-361.7,-339.3
388.900,-361.9,-339.7
389.000,-361.9,-339.3
389.100,-361.8,-339.2
389.200,-361.9,-339.3
389.300,-361.7,-339.3
389.400,-361.9,-339.4
389.500,-361.9,-339.4
389.600,-362.0,-339.2
389.700,-361.9,-339.4
389.800,-361.9,-339.3
389.900,-361.8,-339.2
390.000,-361.8,-339.5
390.100,-361.8,-339.4
390.200,-362.0,-339.3
390.300,-361.8,-339.3
390.400,-361.9,-339.3
390.500,-361.8,-339.4
390.600,-361.8,-339.4
390.700,-361.9,-339.5
390.800,-361.8,-339.7
390.900,-361.7,-339.6
391.000,-361.7,-339.6
391.100,-361.7,-339.6
391.200,-361.7,-339.5
391.300,-361.7,-339.7
391.400,-361.4,-339.8
391.500,-361.4,-339.4
391.600,-361.5,-339.5
391.700,-361.2,-339.4
391.800,-361.4,-339.5
391.900,-361.5,-339.7
392.000,-361.3,-339.5
392.100,-361.5,-339.6
392.200,-361.4,-339.3
392.300,-361.4,-339.3
392.400,-361.2,-340.0
392.500,-361.0,-339.6
392.600,-361.2,-339.7
392.700,-361.2,-339.4
392.800,-361.2,-339.7
392.900,-361.0,-339.6
393.000,-361.3,-339.5
393.100,-361.1,-339.6
393.200,-361.4,-339.7
393.300,-361.2,-339.5
393.400,-361.6,-339.4
393.500,-361.7,-339.3
393.600,-361.9,-339.4
393.700,-362.1,-339.9
393.800,-361.9,-339.4
393.900,-362.3,-339.4
394.000,-362.1,-339.2
394.100,-362.2,-339.2
394.200,-362.0,-339.4
394.300,-362.2,-339.4
394.400,-362.2,-339.3
394.500,-362.0,-339.6
394.600,-362.2,-339.0
394.700,-362.2,-339.4
394.800,-362.3,-339.3
394.900,-362.1,-339.5
395.000,-362.1,-339.3
395.100,-362.2,-339.4
395.200,-362.1,-339.5
395.300,-362.2,-339.2
395.400,-362.1,-339.3
395.500,-362.2,-339.5
395.600,-362.4,-339.5
395.700,-362.2,-339.3
395.800,-362.2,-338.6
395.900,-362.3,-339.3
396.000,-362.1,-339.2
396.100,-362.2,-339.2
396.200,-362.3,-339.6
396.300,-362.2,-339.1
396.400,-362.4,-339.2
396.500,-362.0,-339.5
396.600,-362.1,-339.6
396.700,-361.9,-339.3
396.800,-362.1,-339.5
396.900,-362.1,-339.4
397.000,-362.2,-339.5
397.100,-362.3,-338.6
397.200,-362.1,-339.4
397.300,-362.3,-339.4
397.400,-362.1,-339.6
397.500,-362.3,-339.0
397.600,-362.1,-339.5
397.700,-362.2,-339.6
397.800,-362.1,-339.4
397.900,-362.2,-339.2
398.000,-362.1,-339.7
398.100,-362.3,-339.4
398.200,-362.0,-339.3
398.300,-362.1,-339.4
398.400,-362.1,-339.6
398.500,-362.2,-339.4
398.600,-362.1,-339.4
398.700,-362.2,-339.6
398.800,-362.1,-339.2
398.900,-362.1,-339.5
399.000,-362.3,-339.6
399.100,-362.0,-339.8
399.200,-362.0,-339.6
399.300,-362.1,-339.6
399.400,-362.1,-339.3
399.500,-362.3,-339.6
399.600,-362.0,-339.5
399.700,-362.1,-339.4
399.800,-362.2,-340.0
399.900,-362.2,-339.8
400.000,-362.0,-339.4
400.100,-362.2,-340.1
400.200,-362.2,-339.5
400.300,-361.9,-339.7
400.400,-362.2,-339.6
400.500,-362.3,-339.2
400.600,-362.0,-339.6
400.700,-362.1,-339.5
400.800,-362.0,-339.9
400.900,-362.0,-339.8
401.000,-361.9,-339.7
401.100,-362.0,-339.9
401.200,-361.9,-339.7
401.300,-362.0,-339.8
401.400,-361.8,-339.6
401.500,-362.0,-339.9
401.600,-361.9,-339.7
401.700,-361.9,-339.6
401.800,-362.0,-339.7
401.900,-361.9,-340.1
402.000,-361.8,-340.1
402.100,-361.9,-340.1
402.200,-361.8,-340.3
402.300,-361.7,-340.1
402.400,-361.8,-340.3
402.500,-361.8,-340.5
402.600,-361.9,-340.3
402.700,-361.7,-340.2
402.800,-361.7,-340.6
402.900,-361.8,-340.4
403.000,-361.7,-340.4
403.100,-361.9,-340.4
403.200,-361.9,-340.5
403.300,-361.6,-340.4
403.400,-361.6,-340.5
403.500,-361.7,-340.3
403.600,-361.7,-340.8
403.700,-361.5,-340.2
403.800,-361.5,-340.4
403.900,-361.7,-340.4
404.000,-361.4,-340.3
404.100,-361.2,-340.5
404.200,-361.5,-340.7
404.300,-361.7,-340.2
404.400,-361.6,-340.4
404.500,-361.9,-340.5
404.600,-361.7,-340.4
404.700,-361.6,-340.6
404.800,-362.0,-340.4
404.900,-361.7,-340.3
405.000,-361.8,-340.3
405.100,-361.8,-340.3
405.200,-361.6,-340.6
405.300,-362.0,-340.4
405.400,-361.8,-340.4
405.500,-361.8,-340.4
405.600,-361.8,-340.3
405.700,-361.7,-340.7
405.800,-361.6,-340.6
405.900,-361.7,-340.3
406.000,-361.8,-340.7
406.100,-361.8,-340.6
406.200,-361.7,-340.5
406.300,-361.9,-340.5
406.400,-361.9,-340.4
406.500,-361.9,-340.3
406.600,-361.8,-340.5
406.700,-361.7,-340.7
406.800,-361.8,-340.4
406.900,-362.0,-340.6
407.000,-361.8,-340.3
407.100,-361.9,-340.6
407.200,-361.9,-340.5
407.300,-361.7,-340.4
407.400,-361.9,-340.6
407.500,-362.0,-340.5
407.600,-361.9,-340.4
407.700,-362.0,-340.3
407.800,-361.8,-340.8
407.900,-361.7,-340.5
408.000,-361.8,-340.6
408.100,-361.9,-340.6
408.200,-361.9,-340.2
408.300,-361.8,-340.7
408.400,-361.7,-340.5
408.500,-361.8,-340.7
408.600,-361.7,-340.4
408.700,-362.0,-340.7
408.800,-361.7,-340.6
408.900,-361.8,-340.4
409.000,-362.0,-340.5
409.100,-361.8,-340.5
409.200,-361.7,-340.5
409.300,-361.7,-340.6
409.400,-361.8,-340.5
409.500,-361.8,-340.5
409.600,-361.7,-340.6
409.700,-361.7,-340.7
409.800,-361.7,-340.4
409.900,-361.8,-340.5
410.000,-361.8,-340.6
410.100,-361.7,-340.8
410.200,-361.9,-340.6
410.300,-361.8,-340.6
410.400,-361.9,-340.5
410.500,-361.8,-340.7
410.600,-361.8,-340.6
410.700,-361.9,-340.7
410.800,-361.8,-340.7
410.900,-361.8,-340.5
411.000,-361.7,-340.6
411.100,-361.8,-340.4
411.200,-362.0,-340.4
411.300,-361.7,-340.6
411.400,-361.9,-340.8
411.500,-361.7,-340.5
411.600,-361.9,-340.6
411.700,-361.7,-340.7
411.800,-361.9,-340.5
411.900,-361.9,-340.7
412.000,-361.8,-340.6
412.100,-361.8,-340.8
412.200,-362.0,-340.8
412.300,-361.7,-340.4
412.400,-361.8,-340.7
412.500,-361.8,-340.7
412.600,-361.9,-340.5
412.700,-362.0,-340.5
412.800,-361.9,-340.7
412.900,-361.7,-340.6
413.000,-362.0,-340.8
413.100,-361.8,-340.7
413.200,-361.7,-340.7
413.300,-362.2,-340.5
413.400,-362.0,-340.8
413.500,-361.8,-340.7
413.600,-361.8,-340.6
413.700,-361.9,-340.7
413.800,-362.0,-340.4
413.900,-362.0,-340.6
414.000,-361.9,-340.5
414.100,-361.8,-341.1
414.200,-361.9,-341.1
414.300,-361.8,-341.1
414.400,-361.8,-341.3
414.500,-362.0,-341.2
414.600,-361.8,-341.1
414.700,-361.8,-341.3
414.800,-362.1,-341.2
414.900,-361.9,-341.2
415.000,-361.9,-341.3
415.100,-361.8,-341.2
415.200,-361.8,-341.2
415.300,-361.8,-341.2
415.400,-361.8,-341.4
415.500,-361.9,-341.2
415.600,-361.9,-341.2
415.700,-361.9,-341.0
415.800,-361.9,-341.3
415.900,-361.9,-341.1
416.000,-362.0,-341.2
416.100,-362.1,-341.1
416.200,-361.7,-341.2
416.300,-361.8,-341.2
416.400,-361.9,-341.4
416.500,-361.9,-341.5
416.600,-362.0,-341.2
416.700,-362.0,-341.3
416.800,-361.8,-341.2
416.900,-361.9,-341.0
417.000,-361.8,-341.2
417.100,-362.2,-341.5
417.200,-361.9,-341.3
417.300,-361.9,-341.2
417.400,-362.1,-341.1
417.500,-362.0,-341.1
417.600,-361.8,-341.3
417.700,-361.9,-340.7
417.800,-361.9,-341.0
417.900,-361.9,-341.1
418.000,-361.9,-341.3
418.100,-362.0,-341.4
418.200,-361.9,-341.1
418.300,-361.9,-341.3
418.400,-362.0,-341.3
418.500,-361.9,-341.3
418.600,-361.9,-341.3
418.700,-362.0,-341.4
418.800,-362.1,-341.1
418.900,-362.0,-341.2
419.000,-362.0,-341.4
419.100,-362.2,-341.2
419.200,-361.9,-341.2
419.300,-361.9,-341.1
419.400,-361.9,-341.5
419.500,-362.0,-341.3
419.600,-362.1,-341.1
419.700,-361.8,-341.3
419.800,-362.0,-341.5
419.900,-362.2,-341.3
420.000,-362.0,-341.3
420.100,-362.1,-341.3
420.200,-361.9,-341.3
420.300,-361.9,-341.4
420.400,-362.1,-341.3
420.500,-361.9,-341.2
420.600,-361.9,-341.1
420.700,-361.9,-341.5
420.800,-362.0,-341.4
420.900,-362.1,-341.4
421.000,-362.1,-341.3
421.100,-362.0,-341.3
421.200,-361.9,-341.5
421.300,-361.9,-341.1
421.400,-362.0,-341.5
421.500,-362.0,-341.2
421.600,-362.0,-341.4
421.700,-362.0,-341.4
421.800,-362.1,-341.3
421.900,-362.0,-341.3
422.000,-361.9,-341.4
422.100,-362.0,-341.4
422.200,-362.0,-341.4
422.300,-362.1,-341.1
422.400,-362.1,-341.2
422.500,-362.1,-341.3
422.600,-362.2,-341.3
422.700,-361.9,-341.3
422.800,-362.1,-341.5
422.900,-362.0,-341.2
423.000,-361.8,-341.5
423.100,-361.8,-341.4
423.200,-362.0,-341.0
423.300,-361.9,-341.5
423.400,-361.9,-341.5
423.500,-362.1,-341.2
423.600,-362.1,-341.4
423.700,-362.0,-341.5
423.800,-362.0,-341.5
423.900,-362.1,-341.5
424.000,-362.0,-341.5
424.100,-361.9,-341.2
424.200,-362.0,-341.2
424.300,-361.9,-341.4
424.400,-361.9,-341.5
424.500,-361.8,-341.1
424.600,-361.9,-341.7
424.700,-362.0,-341.4
424.800,-361.9,-341.6
424.900,-361.9,-341.7
425.000,-361.9,-341.4
425.100,-362.0,-341.4
425.200,-361.9,-341.6
425.300,-361.9,-341.1
425.400,-362.0,-341.4
425.500,-361.8,-341.5
425.600,-361.8,-341.5
425.700,-361.9,-341.4
425.800,-361.8,-341.4
425.900,-362.0,-341.5
426.000,-362.0,-341.5
426.100,-361.9,-341.6
426.200,-361.8,-341.4
426.300,-361.8,-341.4
426.400,-361.7,-341.3
426.500,-361.9,-341.5
426.600,-361.8,-341.5
426.700,-361.7,-341.5
426.800,-361.8,-341.7
426.900,-361.8,-341.3
427.000,-361.7,-341.7
427.100,-361.9,-341.4
427.200,-361.9,-341.6
427.300,-361.7,-341.4
427.400,-361.8,-341.4
427.500,-361.8,-341.4
427.600,-361.7,-341.6
427.700,-361.8,-341.5
427.800,-361.7,-341.6
427.900,-361.7,-341.6
428.000,-361.7,-341.6
428.100,-361.8,-341.4
428.200,-361.7,-341.4
428.300,-361.8,-341.6
428.400,-361.8,-341.7
428.500,-361.7,-341.5
428.600,-361.7,-341.5
428.700,-361.6,-341.4
428.800,-361.7,-341.4
428.900,-361.7,-341.6
429.000,-361.8,-341.6
429.100,-361.7,-341.5
429.200,-361.7,-341.8
429.300,-361.6,-341.5
429.400,-361.6,-341.6
429.500,-361.6,-341.8
429.600,-361.8,-341.5
429.700,-361.7,-341.4
429.800,-361.5,-341.5
429.900,-361.7,-341.6
430.000,-361.4,-341.6
430.100,-361.4,-341.6
430.200,-361.5,-341.6
430.300,-361.6,-341.5
430.400,-361.6,-341.5
430.500,-361.7,-341.8
430.600,-361.7,-341.5
430.700,-361.7,-341.6
430.800,-361.7,-341.6
430.900,-361.7,-341.6
431.000,-361.7,-341.7
431.100,-361.7,-341.6
431.200,-361.7,-341.6
431.300,-361.7,-341.7
431.400,-361.7,-341.5
431.500,-361.8,-341.5
431.600,-361.7,-341.3
431.700,-361.8,-341.5
431.800,-361.7,-341.7
431.900,-361.6,-341.6
432.000,-361.7,-341.8
432.100,-361.7,-341.7
432.200,-361.7,-341.6
432.300,-361.8,-341.5
432.400,-361.9,-341.5
432.500,-361.8,-341.5
432.600,-361.8,-341.6
432.700,-362.0,-341.5
432.800,-361.7,-341.4
432.900,-361.8,-341.8
433.000,-361.8,-341.3
433.100,-361.9,-341.5
433.200,-361.9,-341.5
433.300,-361.9,-341.5
433.400,-361.8,-341.8
433.500,-362.0,-341.4
433.600,-361.9,-342.0
433.700,-362.0,-341.7
433.800,-362.0,-341.5
433.900,-361.9,-341.6
434.000,-362.0,-341.7
434.100,-362.0,-341.4
434.200,-362.1,-341.5
434.300,-362.0,-341.6
434.400,-362.2,-341.5
434.500,-362.1,-341.4
434.600,-362.0,-341.8
434.700,-362.0,-341.7
434.800,-362.0,-341.6
434.900,-362.2,-341.5
435.000,-362.1,-341.4
435.100,-362.1,-341.5
435.200,-362.0,-341.5
435.300,-362.0,-341.7
435.400,-362.2,-341.4
435.500,-362.0,-341.6
435.600,-361.9,-341.6
435.700,-362.0,-341.5
435.800,-362.0,-342.1
435.900,-362.1,-342.2
436.000,-361.9,-342.1
436.100,-362.2,-341.7
436.200,-362.0,-341.5
436.300,-362.1,-341.8
436.400,-362.0,-341.8
436.500,-362.3,-341.4
436.600,-362.0,-341.8
436.700,-362.1,-341.2
436.800,-362.2,-341.5
436.900,-362.1,-341.6
437.000,-362.1,-341.8
437.100,-361.9,-341.5
437.200,-362.0,-341.5
437.300,-362.2,-341.4
437.400,-362.2,-341.7
437.500,-362.1,-341.6
437.600,-362.0,-341.4
437.700,-362.2,-341.5
437.800,-362.2,-341.6
437.900,-362.2,-341.4
438.000,-362.2,-341.6
438.100,-361.9,-341.7
438.200,-362.1,-341.5
438.300,-362.2,-341.6
438.400,-362.1,-341.6
438.500,-362.2,-341.4
438.600,-362.2,-341.8
438.700,-362.1,-341.4
438.800,-362.1,-341.9
438.900,-362.2,-341.6
439.000,-362.0,-341.5
439.100,-362.2,-341.5
439.200,-362.2,-341.7
439.300,-362.1,-341.5
439.400,-361.9,-341.6
439.500,-362.2,-341.6
439.600,-362.1,-341.6
439.700,-362.0,-341.4
439.800,-362.1,-341.8
439.900,-362.1,-341.5
440.000,-362.1,-341.6
440.100,-362.1,-341.6
440.200,-362.3,-341.4
440.300,-362.1,-341.7
440.400,-362.3,-341.7
440.500,-362.1,-341.7
440.600,-362.2,-341.6
440.700,-362.1,-341.5
440.800,-362.1,-341.8
440.900,-362.1,-341.5
441.000,-362.1,-341.8
441.100,-362.1,-341.7
441.200,-362.1,-341.8
441.300,-362.1,-341.6
441.400,-362.1,-341.4
441.500,-362.1,-341.6
441.600,-362.0,-341.7
441.700,-362.0,-341.5
441.800,-362.1,-341.6
441.900,-362.1,-341.7
442.000,-362.0,-341.5
442.100,-362.2,-341.5
442.200,-362.0,-341.7
442.300,-362.3,-341.5
442.400,-362.1,-341.4
442.500,-362.0,-341.6
442.600,-362.1,-341.5
442.700,-362.1,-341.8
442.800,-362.1,-342.0
442.900,-362.2,-342.1
443.000,-362.2,-342.1
443.100,-362.0,-342.4
443.200,-362.1,-342.3
443.300,-362.0,-342.2
443.400,-362.1,-342.3
443.500,-362.1,-342.3
443.600,-362.1,-342.1
443.700,-362.0,-342.3
443.800,-362.0,-342.5
443.900,-362.3,-342.3
444.000,-362.1,-342.3
444.100,-362.1,-342.1
444.200,-362.1,-342.2
444.300,-362.0,-341.8
444.400,-362.0,-341.8
444.500,,-341.7
444.600,,-341.8
444.700,,-342.2
444.800,,-341.7
444.900,,-341.7
445.000,,-341.6
445.100,,-341.6
445.200,,-341.8
445.300,,-341.7
445.400,,-341.6
445.500,,-342.1
445.600,,-342.1
445.700,,-342.3
445.800,,-342.3
